date,btc
4/27/2013,128.5
4/28/2013,135.28
4/29/2013,144
4/30/2013,139.88
5/1/2013,116
5/2/2013,106.6
5/3/2013,98.06
5/4/2013,112.5
5/5/2013,116.57
5/6/2013,112
5/7/2013,110
5/8/2013,113.5
5/9/2013,112.669
5/10/2013,117.87
5/11/2013,115.576
5/12/2013,114.3
5/13/2013,117.979
5/14/2013,111.551
5/15/2013,108.95
5/16/2013,115
5/17/2013,117.62
5/18/2013,118.52
5/19/2013,118.25
5/20/2013,118.09
5/21/2013,117
5/22/2013,119.11
5/23/2013,123.83
5/24/2013,128.7
5/25/2013,128.97
5/26/2013,130.24
5/27/2013,126.25
5/28/2013,125.5
5/29/2013,130.35
5/30/2013,126.7
5/31/2013,127.9
6/1/2013,128.77
6/2/2013,123.8
6/3/2013,123.1
6/4/2013,120.43
6/5/2013,121.19
6/6/2013,119.28
6/7/2013,111.07
6/8/2013,109.13
6/9/2013,100
6/10/2013,104.18
6/11/2013,107.36
6/12/2013,106.68
6/13/2013,102
6/14/2013,99
6/15/2013,99.42
6/16/2013,99
6/17/2013,100.49
6/18/2013,104.12
6/19/2013,104.99
6/20/2013,104.55
6/21/2013,101.29
6/22/2013,100.23
6/23/2013,100.4
6/24/2013,98.68
6/25/2013,97.58
6/26/2013,98.69
6/27/2013,96.31
6/28/2013,89.79
6/29/2013,88.8
6/30/2013,89.55
7/1/2013,83.5
7/2/2013,87.68
7/3/2013,77.402
7/4/2013,79.4
7/5/2013,67
7/6/2013,66.12
7/7/2013,73.98
7/8/2013,74.35
7/9/2013,74.98
7/10/2013,86.12
7/11/2013,88
7/12/2013,90.2
7/13/2013,91.6
7/14/2013,90.07
7/15/2013,93.94
7/16/2013,91.6
7/17/2013,91.48
7/18/2013,85.27
7/19/2013,86.53
7/20/2013,85
7/21/2013,85.79
7/22/2013,85.6
7/23/2013,86.95
7/24/2013,88.36
7/25/2013,90.24
7/26/2013,89.95
7/27/2013,88.02
7/28/2013,92.46
7/29/2013,93.37
7/30/2013,96.5
7/31/2013,98.18
8/1/2013,96.55
8/2/2013,95.85
8/3/2013,95.49
8/4/2013,96.38
8/5/2013,97.4
8/6/2013,97.8
8/7/2013,97
8/8/2013,94.25
8/9/2013,92.28
8/10/2013,93.51
8/11/2013,94
8/12/2013,95.35
8/13/2013,98.15
8/14/2013,99.16
8/15/2013,98.08
8/16/2013,98.3
8/17/2013,99.4
8/18/2013,99.25
8/19/2013,102.6
8/20/2013,104.94
8/21/2013,110.43
8/22/2013,109.14
8/23/2013,107.89
8/24/2013,108.3
8/25/2013,113.11
8/26/2013,112.45
8/27/2013,117.7
8/28/2013,118
8/29/2013,118.5
8/30/2013,125
8/31/2013,127.8
9/1/2013,130.41
9/2/2013,129.45
9/3/2013,129.18
9/4/2013,122.24
9/5/2013,122.63
9/6/2013,116.82
9/7/2013,119.76
9/8/2013,117.98
9/9/2013,121.5
9/10/2013,122.07
9/11/2013,126.34
9/12/2013,126.63
9/13/2013,127.18
9/14/2013,124.5
9/15/2013,125.06
9/16/2013,125.68
9/17/2013,127.13
9/18/2013,126.9
9/19/2013,124.38
9/20/2013,122.91
9/21/2013,123.64
9/22/2013,122.97
9/23/2013,122.75
9/24/2013,124.09
9/25/2013,123.75
9/26/2013,125.02
9/27/2013,126.48
9/28/2013,127
9/29/2013,126.76
9/30/2013,125.95
10/1/2013,127.49
10/2/2013,103.85
10/3/2013,117.87
10/4/2013,121.94
10/5/2013,121.62
10/6/2013,122.49
10/7/2013,123.48
10/8/2013,124.11
10/9/2013,126.00071
10/10/2013,126.1
10/11/2013,126.9
10/12/2013,127.8
10/13/2013,132.86
10/14/2013,135.4
10/15/2013,144.39
10/16/2013,137.56
10/17/2013,143.94
10/18/2013,153
10/19/2013,166.5
10/20/2013,166.89
10/21/2013,180.37
10/22/2013,191.75
10/23/2013,203.99
10/24/2013,193.72
10/25/2013,187.5
10/26/2013,179.55
10/27/2013,196.7
10/28/2013,196.01
10/29/2013,204.69
10/30/2013,198.74
10/31/2013,202.52
11/1/2013,201.754999
11/2/2013,204.94
11/3/2013,213.8975
11/4/2013,226.5049999
11/5/2013,242.88
11/6/2013,263.24
11/7/2013,291
11/8/2013,333.9
11/9/2013,338.22941
11/10/2013,325
11/11/2013,344.27
11/12/2013,354.96
11/13/2013,399.9
11/14/2013,413.53499
11/15/2013,412
11/16/2013,434.52
11/17/2013,492
11/18/2013,689
11/19/2013,537
11/20/2013,599.12
11/21/2013,730
11/22/2013,806.3
11/23/2013,847.666666
11/24/2013,815
11/25/2013,818.98
11/26/2013,952
11/27/2013,963
11/28/2013,1016.1
11/29/2013,1132
11/30/2013,1119.52
12/1/2013,955
12/2/2013,1037.07
12/3/2013,1055
12/4/2013,1138.5
12/5/2013,1023.87
12/6/2013,820
12/7/2013,693
12/8/2013,784.9
12/9/2013,899.01
12/10/2013,983
12/11/2013,879.3
12/12/2013,873
12/13/2013,885.02
12/14/2013,850.78
12/15/2013,859.71
12/16/2013,690
12/17/2013,675
12/18/2013,520.01
12/19/2013,684.99
12/20/2013,609.01
12/21/2013,595.03
12/22/2013,614.999
12/23/2013,654.76
12/24/2013,651.83
12/25/2013,679.5
12/26/2013,757.3889
12/27/2013,720.61
12/28/2013,712.2
12/29/2013,728.3
12/30/2013,736.5
12/31/2013,729.99
1/1/2014,754.22
1/2/2014,784.34
1/3/2014,807
1/4/2014,829
1/5/2014,905.36
1/6/2014,919.24
1/7/2014,781
1/8/2014,824.89
1/9/2014,826.2
1/10/2014,853.02
1/11/2014,896.59
1/12/2014,842.1
1/13/2014,824.5
1/14/2014,816
1/15/2014,842.111
1/16/2014,812.48
1/17/2014,800
1/18/2014,811.22
1/19/2014,841.11
1/20/2014,827.11
1/21/2014,824.34
1/22/2014,818
1/23/2014,811.01
1/24/2014,778
1/25/2014,805.4
1/26/2014,815
1/27/2014,750
1/28/2014,784.0001
1/29/2014,791.56
1/30/2014,801.5
1/31/2014,803.5
2/1/2014,812.5211
2/2/2014,814.222
2/3/2014,806.01
2/4/2014,802.69
2/5/2014,778.03
2/6/2014,763.11
2/7/2014,702
2/8/2014,680.49
2/9/2014,689
2/10/2014,686.8313
2/11/2014,674.5
2/12/2014,652.05
2/13/2014,605.5
2/14/2014,668
2/15/2014,651.92
2/16/2014,621
2/17/2014,630
2/18/2014,627.95
2/19/2014,621.75
2/20/2014,561.2
2/21/2014,580
2/22/2014,608.7
2/23/2014,607.15175
2/24/2014,535.9999
2/25/2014,534.6
2/26/2014,584
2/27/2014,583.89
2/28/2014,554.25
3/1/2014,568.75
3/2/2014,565.37191
3/3/2014,680.98
3/4/2014,672
3/5/2014,669.61
3/6/2014,668
3/7/2014,631.01
3/8/2014,616.8001
3/9/2014,638.5
3/10/2014,626.9801
3/11/2014,634.01
3/12/2014,636.2296
3/13/2014,644.18
3/14/2014,627.98
3/15/2014,635.45
3/16/2014,633
3/17/2014,623.8
3/18/2014,615.5999
3/19/2014,609
3/20/2014,586.5551
3/21/2014,570.9999
3/22/2014,563
3/23/2014,558
3/24/2014,585.6587
3/25/2014,583.9899
3/26/2014,576.6
3/27/2014,474
3/28/2014,502.25
3/29/2014,492.4398
3/30/2014,460.9999
3/31/2014,456.9899
4/1/2014,479.9181
4/2/2014,437.2203
4/3/2014,447.9999
4/4/2014,447.0211
4/5/2014,463.99
4/6/2014,458.78
4/7/2014,446.58
4/8/2014,452.3849
4/9/2014,442.45
4/10/2014,364.2
4/11/2014,421
4/12/2014,423.3
4/13/2014,418
4/14/2014,460
4/15/2014,519
4/16/2014,531.25
4/17/2014,498.1
4/18/2014,480.044
4/19/2014,504.999999
4/20/2014,500.9501
4/21/2014,495.39
4/22/2014,489.2503
4/23/2014,491.78
4/24/2014,503.7
4/25/2014,464.33566
4/26/2014,460
4/27/2014,429.99
4/28/2014,441.39
4/29/2014,446.53
4/30/2014,449.0201
5/1/2014,459.4102
5/2/2014,452
5/3/2014,439.7398
5/4/2014,435.0413
5/5/2014,432.389
5/6/2014,429.7
5/7/2014,440.43
5/8/2014,438.5
5/9/2014,454
5/10/2014,456.09
5/11/2014,437.97
5/12/2014,440
5/13/2014,438.81
5/14/2014,445
5/15/2014,447.58
5/16/2014,448.6
5/17/2014,449.03
5/18/2014,447.4
5/19/2014,447
5/20/2014,491.35
5/21/2014,494.99
5/22/2014,528.85
5/23/2014,523.57
5/24/2014,528
5/25/2014,573.99
5/26/2014,586
5/27/2014,576.08
5/28/2014,578.77
5/29/2014,569.5
5/30/2014,621
5/31/2014,626.21
6/1/2014,626.42
6/2/2014,667.11
6/3/2014,674
6/4/2014,642
6/5/2014,660.9
6/6/2014,649.39
6/7/2014,657.21
6/8/2014,658.7
6/9/2014,650.3
6/10/2014,657
6/11/2014,637.6
6/12/2014,597.99
6/13/2014,605
6/14/2014,570.27
6/15/2014,593.89
6/16/2014,591.1
6/17/2014,613.4
6/18/2014,608.1
6/19/2014,597.3
6/20/2014,592
6/21/2014,595.5
6/22/2014,603.4
6/23/2014,591.57
6/24/2014,580.56
6/25/2014,566.75
6/26/2014,581.98
6/27/2014,604
6/28/2014,596.1
6/29/2014,601.95
6/30/2014,640.79
7/1/2014,641.34
7/2/2014,654.61
7/3/2014,644
7/4/2014,632.11
7/5/2014,631.88
7/6/2014,637.38
7/7/2014,621.45
7/8/2014,625.36
7/9/2014,624.47
7/10/2014,615.84
7/11/2014,636
7/12/2014,636.31
7/13/2014,629.49
7/14/2014,619.17
7/15/2014,620.8
7/16/2014,616.48
7/17/2014,622.51
7/18/2014,630.8
7/19/2014,629.3
7/20/2014,624
7/21/2014,620.01
7/22/2014,618.54
7/23/2014,619
7/24/2014,603.98
7/25/2014,600.47
7/26/2014,593.82
7/27/2014,591.55
7/28/2014,583.5
7/29/2014,583
7/30/2014,565.99
7/31/2014,580
8/1/2014,594.6
8/2/2014,587.6
8/3/2014,585.71
8/4/2014,586.6
8/5/2014,582.94
8/6/2014,581.36
8/7/2014,586.8
8/8/2014,590.6
8/9/2014,589.98
8/10/2014,588.61
8/11/2014,572.51
8/12/2014,569.54
8/13/2014,547.3
8/14/2014,510.98
8/15/2014,496.39
8/16/2014,519.01
8/17/2014,497.4
8/18/2014,467.04
8/19/2014,487
8/20/2014,511
8/21/2014,517.47
8/22/2014,514.13
8/23/2014,499.5
8/24/2014,510.82
8/25/2014,501.76
8/26/2014,513.34
8/27/2014,508.35
8/28/2014,505.87
8/29/2014,508.52
8/30/2014,499.15
8/31/2014,477.81
9/1/2014,472.6
9/2/2014,475.45
9/3/2014,474.14
9/4/2014,489.68
9/5/2014,481.9
9/6/2014,482.61
9/7/2014,479.88
9/8/2014,471.1
9/9/2014,473.06
9/10/2014,478.12
9/11/2014,477.38
9/12/2014,474.37
9/13/2014,478.69
9/14/2014,476.5
9/15/2014,474.77
9/16/2014,466.5
9/17/2014,458.3
9/18/2014,424.99
9/19/2014,393.3
9/20/2014,408.4
9/21/2014,399.21
9/22/2014,404.99
9/23/2014,438.65
9/24/2014,424.51
9/25/2014,409.86
9/26/2014,404.01
9/27/2014,399.8
9/28/2014,376.7
9/29/2014,373.64
9/30/2014,387
10/1/2014,383.63
10/2/2014,371.39
10/3/2014,359.74
10/4/2014,328.25
10/5/2014,319.9
10/6/2014,327.56
10/7/2014,335.97
10/8/2014,352.9
10/9/2014,364
10/10/2014,359.1
10/11/2014,360.66
10/12/2014,378.05
10/13/2014,391.2
10/14/2014,399
10/15/2014,394.2
10/16/2014,381.6
10/17/2014,382.48
10/18/2014,390.9
10/19/2014,388.02
10/20/2014,380.55
10/21/2014,384
10/22/2014,378.8
10/23/2014,357.87
10/24/2014,356.58
10/25/2014,344.62
10/26/2014,353.01
10/27/2014,349.01
10/28/2014,352.7
10/29/2014,333.58
10/30/2014,345.08
10/31/2014,336.82
11/1/2014,325.9
11/2/2014,323.82
11/3/2014,325
11/4/2014,329.66
11/5/2014,338.62
11/6/2014,350.48
11/7/2014,341.84
11/8/2014,345
11/9/2014,362.61
11/10/2014,366.07
11/11/2014,367.65
11/12/2014,433.56
11/13/2014,417.65
11/14/2014,399.99
11/15/2014,375.34
11/16/2014,391.65
11/17/2014,387.5
11/18/2014,372.85
11/19/2014,375.26
11/20/2014,356.77
11/21/2014,350.46
11/22/2014,352.81
11/23/2014,368.25
11/24/2014,376.05
11/25/2014,377.02
11/26/2014,369.99
11/27/2014,370
11/28/2014,377.43
11/29/2014,376.28
11/30/2014,379.89
12/1/2014,382
12/2/2014,384.5
12/3/2014,376
12/4/2014,370.99
12/5/2014,378.18
12/6/2014,376.69
12/7/2014,376.02
12/8/2014,362.11
12/9/2014,351.99
12/10/2014,345.08
12/11/2014,348.53
12/12/2014,352.29
12/13/2014,346.56
12/14/2014,353.65
12/15/2014,346.01
12/16/2014,325.1
12/17/2014,318.86
12/18/2014,311.77
12/19/2014,318.47
12/20/2014,329.66
12/21/2014,320.79
12/22/2014,332.63
12/23/2014,335.7
12/24/2014,322.61
12/25/2014,318.5
12/26/2014,327.2
12/27/2014,315.89
12/28/2014,316.94
12/29/2014,312.64
12/30/2014,310.8
12/31/2014,322.3
1/1/2015,314.96
1/2/2015,315.81
1/3/2015,279.3
1/4/2015,264.19
1/5/2015,274.84
1/6/2015,288.43
1/7/2015,297.99
1/8/2015,283.21
1/9/2015,290.51
1/10/2015,276.03
1/11/2015,267.27
1/12/2015,268.75
1/13/2015,228.07
1/14/2015,182
1/15/2015,209.81
1/16/2015,208.5
1/17/2015,201.24
1/18/2015,211.03
1/19/2015,216.2
1/20/2015,212.11
1/21/2015,228.08
1/22/2015,234.7
1/23/2015,233.12
1/24/2015,248.66
1/25/2015,254.73
1/26/2015,276.01
1/27/2015,265.09
1/28/2015,234.5
1/29/2015,233.01
1/30/2015,226.45
1/31/2015,215.8
2/1/2015,226.92
2/2/2015,238.99
2/3/2015,227.96
2/4/2015,227.8
2/5/2015,216.47
2/6/2015,222.65
2/7/2015,228.8
2/8/2015,223.85
2/9/2015,220.48
2/10/2015,220.87
2/11/2015,219.8
2/12/2015,222.39
2/13/2015,236.13
2/14/2015,257
2/15/2015,235.88
2/16/2015,233.5
2/17/2015,244
2/18/2015,236.26
2/19/2015,240
2/20/2015,244.5
2/21/2015,245.54
2/22/2015,236.5
2/23/2015,239.4
2/24/2015,239.73
2/25/2015,237.99
2/26/2015,236.93
2/27/2015,255.05
2/28/2015,255.7
3/1/2015,262.4
3/2/2015,277.41
3/3/2015,283.75
3/4/2015,273.33
3/5/2015,277.69
3/6/2015,273.36
3/7/2015,276.97
3/8/2015,275.59
3/9/2015,291
3/10/2015,292.62
3/11/2015,296.6
3/12/2015,295.55
3/13/2015,283.18
3/14/2015,282.6
3/15/2015,286.9
3/16/2015,291.22
3/17/2015,285.25
3/18/2015,257.21
3/19/2015,261.98
3/20/2015,262.19
3/21/2015,260.47
3/22/2015,268.82
3/23/2015,267.23
3/24/2015,246
3/25/2015,246.29
3/26/2015,249.33
3/27/2015,246.5
3/28/2015,252.95
3/29/2015,242.74
3/30/2015,247.93
3/31/2015,244.51
4/1/2015,246.93
4/2/2015,253.23
4/3/2015,254.24
4/4/2015,253.6
4/5/2015,260.5
4/6/2015,255.73
4/7/2015,253.7
4/8/2015,244.92
4/9/2015,243.58
4/10/2015,236.12
4/11/2015,236.86
4/12/2015,236.38
4/13/2015,224.9
4/14/2015,220.16
4/15/2015,223.98
4/16/2015,228.14
4/17/2015,222.4
4/18/2015,223.08
4/19/2015,222.16
4/20/2015,224.21
4/21/2015,236.96
4/22/2015,234.14
4/23/2015,236.01
4/24/2015,231.38
4/25/2015,226.01
4/26/2015,219.7
4/27/2015,226.91
4/28/2015,225.3
4/29/2015,225.23
4/30/2015,236.11
5/1/2015,231.78
5/2/2015,234.81
5/3/2015,240.57
5/4/2015,238.54
5/5/2015,235.87
5/6/2015,229.27
5/7/2015,237.3
5/8/2015,244.5
5/9/2015,242.54
5/10/2015,240.73
5/11/2015,242.46
5/12/2015,241.92
5/13/2015,235.7
5/14/2015,236.7
5/15/2015,237.3
5/16/2015,235.7
5/17/2015,236.15
5/18/2015,232.82
5/19/2015,231.7
5/20/2015,234.24
5/21/2015,235.27
5/22/2015,240.97
5/23/2015,238.81
5/24/2015,240.96
5/25/2015,237.1
5/26/2015,237.36
5/27/2015,236.48
5/28/2015,236.86
5/29/2015,236.52
5/30/2015,232.54
5/31/2015,228.7
6/1/2015,222
6/2/2015,224.68
6/3/2015,225.14
6/4/2015,223.24
6/5/2015,224.51
6/6/2015,225.66
6/7/2015,223.26
6/8/2015,228.76
6/9/2015,229.06
6/10/2015,228.6
6/11/2015,230
6/12/2015,229.55
6/13/2015,232.87
6/14/2015,233.54
6/15/2015,236.98
6/16/2015,252.17
6/17/2015,248.95
6/18/2015,249.51
6/19/2015,244.56
6/20/2015,245.38
6/21/2015,244.25
6/22/2015,246.67
6/23/2015,244.25
6/24/2015,239.8
6/25/2015,242.05
6/26/2015,243.29
6/27/2015,251.61
6/28/2015,248.71
6/29/2015,256.69
6/30/2015,263.07
7/1/2015,258.1
7/2/2015,254.52
7/3/2015,256.09
7/4/2015,260.58
7/5/2015,271.96
7/6/2015,269.23
7/7/2015,265.72
7/8/2015,270.52
7/9/2015,269.23
7/10/2015,285.36
7/11/2015,293.18
7/12/2015,311.15
7/13/2015,292.65
7/14/2015,286.83
7/15/2015,285.42
7/16/2015,278.94
7/17/2015,279.82
7/18/2015,277.25
7/19/2015,275.04
7/20/2015,280.2
7/21/2015,275.55
7/22/2015,277.99
7/23/2015,276.51
7/24/2015,288.6
7/25/2015,289.37
7/26/2015,293.01
7/27/2015,294.84
7/28/2015,295.23
7/29/2015,289.92
7/30/2015,288.21
7/31/2015,284.45
8/1/2015,280.31
8/2/2015,282.44
8/3/2015,281.28
8/4/2015,285.47
8/5/2015,282.41
8/6/2015,279.08
8/7/2015,280.19
8/8/2015,261.34
8/9/2015,265.58
8/10/2015,265.1
8/11/2015,271.96
8/12/2015,267.09
8/13/2015,264.47
8/14/2015,266.09
8/15/2015,262.2
8/16/2015,259.9
8/17/2015,258.49
8/18/2015,214
8/19/2015,226.32
8/20/2015,235.54
8/21/2015,232.17
8/22/2015,230.27
8/23/2015,228.53
8/24/2015,210.5
8/25/2015,222.68
8/26/2015,226.12
8/27/2015,225.76
8/28/2015,231.83
8/29/2015,230.75
8/30/2015,229.99
8/31/2015,231.35
9/1/2015,228.24
9/2/2015,229.71
9/3/2015,227.25
9/4/2015,230.89
9/5/2015,235.84
9/6/2015,240.97
9/7/2015,240.85
9/8/2015,244.2
9/9/2015,239.07
9/10/2015,239.49
9/11/2015,240.6
9/12/2015,235.77
9/13/2015,230.96
9/14/2015,230.89
9/15/2015,230.93
9/16/2015,228.99
9/17/2015,233.61
9/18/2015,228.34
9/19/2015,232.09
9/20/2015,232.12
9/21/2015,227.22
9/22/2015,231.11
9/23/2015,230.54
9/24/2015,234.65
9/25/2015,235.26
9/26/2015,234.63
9/27/2015,233.37
9/28/2015,240.43
9/29/2015,236.8
9/30/2015,236.49
10/1/2015,238.48
10/2/2015,237.86
10/3/2015,239.79
10/4/2015,239.5
10/5/2015,242
10/6/2015,247.36
10/7/2015,244
10/8/2015,243
10/9/2015,244.82
10/10/2015,246.01
10/11/2015,247.99
10/12/2015,246.17
10/13/2015,251.25
10/14/2015,253.5
10/15/2015,255.19
10/16/2015,263.45
10/17/2015,272.9
10/18/2015,265.01
10/19/2015,265.1
10/20/2015,270.97
10/21/2015,267.8
10/22/2015,275.83
10/23/2015,279.21
10/24/2015,284.19
10/25/2015,284.79
10/26/2015,287.22
10/27/2015,295.29
10/28/2015,304.5
10/29/2015,314.88
10/30/2015,328.19
10/31/2015,316
11/1/2015,330.23
11/2/2015,365.33
11/3/2015,405
11/4/2015,409.24
11/5/2015,387.14
11/6/2015,375.56
11/7/2015,384.99
11/8/2015,374.1
11/9/2015,381.1
11/10/2015,340.18
11/11/2015,314.45
11/12/2015,336.84
11/13/2015,338.53
11/14/2015,333.37
11/15/2015,320.52
11/16/2015,332.1
11/17/2015,336.29
11/18/2015,335.94
11/19/2015,326.5
11/20/2015,322.2
11/21/2015,327.84
11/22/2015,324.66
11/23/2015,323.63
11/24/2015,320.1
11/25/2015,329.85
11/26/2015,354
11/27/2015,358.9
11/28/2015,358.6
11/29/2015,373.89
11/30/2015,376.88
12/1/2015,362.59
12/2/2015,359.12
12/3/2015,360.53
12/4/2015,363.17
12/5/2015,389.79
12/6/2015,390.6
12/7/2015,396.7
12/8/2015,422
12/9/2015,418.73
12/10/2015,414.94
12/11/2015,457
12/12/2015,435.61
12/13/2015,433.36
12/14/2015,442.59
12/15/2015,466.01
12/16/2015,454.94
12/17/2015,455.57
12/18/2015,463.52
12/19/2015,462.44
12/20/2015,442.62
12/21/2015,437.52
12/22/2015,435.65
12/23/2015,442.62
12/24/2015,456.13
12/25/2015,455.47
12/26/2015,416.51
12/27/2015,422.32
12/28/2015,420.24
12/29/2015,431.79
12/30/2015,423.55
12/31/2015,429.02
1/1/2016,433.98
1/2/2016,432.7
1/3/2016,428.39
1/4/2016,432.9
1/5/2016,431.84
1/6/2016,428.89
1/7/2016,458.78
1/8/2016,454
1/9/2016,449.23
1/10/2016,449.35
1/11/2016,449.26
1/12/2016,432.04
1/13/2016,431.11
1/14/2016,429.25
1/15/2016,359.16
1/16/2016,388.4
1/17/2016,382.02
1/18/2016,387.1
1/19/2016,378.93
1/20/2016,419.55
1/21/2016,411.01
1/22/2016,380.96
1/23/2016,385.57
1/24/2016,402.77
1/25/2016,390.96
1/26/2016,391.41
1/27/2016,394.97
1/28/2016,378.39
1/29/2016,377.6
1/30/2016,376.56
1/31/2016,365.52
2/1/2016,371.42
2/2/2016,372.9
2/3/2016,368.98
2/4/2016,389.96
2/5/2016,386.54
2/6/2016,373.75
2/7/2016,372.01
2/8/2016,370.49
2/9/2016,374.31
2/10/2016,381.17
2/11/2016,377.99
2/12/2016,382.94
2/13/2016,393
2/14/2016,408.3
2/15/2016,399.9
2/16/2016,407.27
2/17/2016,414.88
2/18/2016,421.5
2/19/2016,419.85
2/20/2016,438.7
2/21/2016,440.49
2/22/2016,440.27
2/23/2016,421.4
2/24/2016,426.36
2/25/2016,424.88
2/26/2016,435.49
2/27/2016,434.3
2/28/2016,434.45
2/29/2016,438.99
3/1/2016,434.82
3/2/2016,422.09
3/3/2016,420.56
3/4/2016,408.82
3/5/2016,397.36
3/6/2016,403.75
3/7/2016,412.7
3/8/2016,411.35
3/9/2016,413.05
3/10/2016,416.51
3/11/2016,420.47
3/12/2016,410.01
3/13/2016,411.87
3/14/2016,415.91
3/15/2016,415.5
3/16/2016,417.28
3/17/2016,418.75
3/18/2016,407.86
3/19/2016,408.68
3/20/2016,411.25
3/21/2016,411.88
3/22/2016,417.7
3/23/2016,418.12
3/24/2016,415.3
3/25/2016,416
3/26/2016,416.71
3/27/2016,427.36
3/28/2016,424.06
3/29/2016,416
3/30/2016,413.12
3/31/2016,416.02
4/1/2016,417.9
4/2/2016,420.3
4/3/2016,420.6
4/4/2016,420.46
4/5/2016,423.75
4/6/2016,422.57
4/7/2016,422.28
4/8/2016,418.5
4/9/2016,418.47
4/10/2016,421.32
4/11/2016,423.74
4/12/2016,426.59
4/13/2016,424.75
4/14/2016,426.01
4/15/2016,431.48
4/16/2016,432.04
4/17/2016,428.51
4/18/2016,430.03
4/19/2016,437.76
4/20/2016,443.85
4/21/2016,452.26
4/22/2016,447.8
4/23/2016,453.69
4/24/2016,463.02
4/25/2016,461.77
4/26/2016,468.14
4/27/2016,444.85
4/28/2016,450.46
4/29/2016,455.32
4/30/2016,446.6
5/1/2016,451.11
5/2/2016,443.73
5/3/2016,450.39
5/4/2016,447.38
5/5/2016,448.4
5/6/2016,461.18
5/7/2016,460.2
5/8/2016,459.87
5/9/2016,461.56
5/10/2016,450.7
5/11/2016,452.28
5/12/2016,455.01
5/13/2016,455.76
5/14/2016,455.8
5/15/2016,457.89
5/16/2016,453.01
5/17/2016,453.24
5/18/2016,453.52
5/19/2016,434.55
5/20/2016,441.57
5/21/2016,440.81
5/22/2016,437.48
5/23/2016,443.51
5/24/2016,445.03
5/25/2016,449.09
5/26/2016,453.95
5/27/2016,472.01
5/28/2016,526.02
5/29/2016,531
5/30/2016,532.89
5/31/2016,530.69
6/1/2016,536.79
6/2/2016,538.8
6/3/2016,570.87
6/4/2016,572.87
6/5/2016,574.02
6/6/2016,585.34
6/7/2016,576.88
6/8/2016,583.05
6/9/2016,575.52
6/10/2016,580.09
6/11/2016,614.51
6/12/2016,672
6/13/2016,705.87
6/14/2016,684.5
6/15/2016,696.99
6/16/2016,769.5
6/17/2016,747.95
6/18/2016,757.6
6/19/2016,767.3
6/20/2016,743.9
6/21/2016,668.6
6/22/2016,605.85
6/23/2016,625.8
6/24/2016,665.5
6/25/2016,664.87
6/26/2016,627.42
6/27/2016,662.33
6/28/2016,646.61
6/29/2016,640
6/30/2016,674.74
7/1/2016,674.75
7/2/2016,705.99
7/3/2016,659.29
7/4/2016,681.34
7/5/2016,667.8
7/6/2016,677.04
7/7/2016,640.51
7/8/2016,664.8
7/9/2016,648.11
7/10/2016,649.72
7/11/2016,647.95
7/12/2016,667.19
7/13/2016,653.7
7/14/2016,659.78
7/15/2016,665.5
7/16/2016,665.33
7/17/2016,683.2
7/18/2016,674.3
7/19/2016,675
7/20/2016,665.85
7/21/2016,665.01
7/22/2016,648.04
7/23/2016,654.03
7/24/2016,661.82
7/25/2016,654.17
7/26/2016,648.47
7/27/2016,655.51
7/28/2016,655.93
7/29/2016,658.34
7/30/2016,654.99
7/31/2016,622.83
8/1/2016,608.29
8/2/2016,604.1
8/3/2016,576.6037067
8/4/2016,576.0338
8/5/2016,587.635
8/6/2016,592.6675
8/7/2016,590.7125
8/8/2016,585.3025
8/9/2016,592.2668433
8/10/2016,590.28
8/11/2016,591.27
8/12/2016,585.5
8/13/2016,583.73
8/14/2016,569.41
8/15/2016,564.64
8/16/2016,574.17
8/17/2016,571.83
8/18/2016,572.21
8/19/2016,573.51
8/20/2016,582.1
8/21/2016,581.42
8/22/2016,588.01
8/23/2016,583.54
8/24/2016,580.32
8/25/2016,577.2
8/26/2016,578.02
8/27/2016,568.55
8/28/2016,574.17
8/29/2016,574.78
8/30/2016,579.49
8/31/2016,576.15
9/1/2016,572.73
9/2/2016,579.85
9/3/2016,609.89
9/4/2016,614.52
9/5/2016,611.5
9/6/2016,615.23
9/7/2016,619.75
9/8/2016,631.73
9/9/2016,626.25
9/10/2016,628
9/11/2016,612.08
9/12/2016,611.62
9/13/2016,614.23
9/14/2016,613.88
9/15/2016,611.81
9/16/2016,610.01
9/17/2016,607.69
9/18/2016,613.03
9/19/2016,609.79
9/20/2016,600.14
9/21/2016,597.43
9/22/2016,597.08
9/23/2016,603.29
9/24/2016,602.55
9/25/2016,600.36
9/26/2016,609.14
9/27/2016,605.53
9/28/2016,603.76
9/29/2016,604.6
9/30/2016,611.1
10/1/2016,614.09
10/2/2016,609.09
10/3/2016,612.67
10/4/2016,610.98
10/5/2016,614.09
10/6/2016,613.51
10/7/2016,620.13
10/8/2016,620.5
10/9/2016,616.56
10/10/2016,618.87
10/11/2016,641.87
10/12/2016,637.63
10/13/2016,637.01
10/14/2016,643
10/15/2016,640.2
10/16/2016,644.18
10/17/2016,639.79
10/18/2016,638.68
10/19/2016,631.77
10/20/2016,632.46
10/21/2016,636.73
10/22/2016,664.99
10/23/2016,659.03
10/24/2016,654.65
10/25/2016,659.52
10/26/2016,678.7
10/27/2016,688.67
10/28/2016,693.47
10/29/2016,714.51
10/30/2016,702.55
10/31/2016,701.02
11/1/2016,734.6
11/2/2016,750.85
11/3/2016,692.51
11/4/2016,707.62
11/5/2016,708.89
11/6/2016,713.95
11/7/2016,705.55
11/8/2016,711.99
11/9/2016,724.54
11/10/2016,714.87
11/11/2016,716.22
11/12/2016,703.57
11/13/2016,703.64
11/14/2016,707.43
11/15/2016,712.17
11/16/2016,744.98
11/17/2016,740.67
11/18/2016,753.97
11/19/2016,752.9
11/20/2016,729.67
11/21/2016,738.99
11/22/2016,749.85
11/23/2016,742
11/24/2016,737.61
11/25/2016,740.36
11/26/2016,731.19
11/27/2016,724.9
11/28/2016,731.52
11/29/2016,731.05
11/30/2016,739
12/1/2016,755.36
12/2/2016,774.88
12/3/2016,765.46
12/4/2016,768.5
12/5/2016,750.62
12/6/2016,757.36
12/7/2016,765.01
12/8/2016,765.01
12/9/2016,770.5
12/10/2016,772.9
12/11/2016,770.21
12/12/2016,777.99
12/13/2016,775
12/14/2016,774.49
12/15/2016,777.43
12/16/2016,784.17
12/17/2016,790.99
12/18/2016,790.21
12/19/2016,790.59
12/20/2016,797.99
12/21/2016,829.34
12/22/2016,859.2
12/23/2016,918.99
12/24/2016,895.24
12/25/2016,898
12/26/2016,906.4
12/27/2016,936.43
12/28/2016,981.7
12/29/2016,974.74
12/30/2016,959.26
12/31/2016,966.58
1/1/2017,998.99
1/2/2017,1019.3
1/3/2017,1037.5
1/4/2017,1139.6
1/5/2017,1003.2
1/6/2017,898.5
1/7/2017,908
1/8/2017,915.9
1/9/2017,903
1/10/2017,905.76
1/11/2017,779.54
1/12/2017,804.58
1/13/2017,828.12
1/14/2017,815.3
1/15/2017,820.74
1/16/2017,830.1
1/17/2017,903.99
1/18/2017,887.46
1/19/2017,900.29
1/20/2017,895.74
1/21/2017,924.02
1/22/2017,923.72
1/23/2017,908.52
1/24/2017,886.1
1/25/2017,893.35
1/26/2017,915.12
1/27/2017,916.7
1/28/2017,919.43
1/29/2017,912.55
1/30/2017,917.35
1/31/2017,966.19
2/1/2017,983.73
2/2/2017,1007
2/3/2017,1015.7
2/4/2017,1031.1
2/5/2017,1006.6
2/6/2017,1022.6
2/7/2017,1052.1
2/8/2017,1048.8
2/9/2017,984.97
2/10/2017,992
2/11/2017,1000.1
2/12/2017,996.01
2/13/2017,996.5
2/14/2017,1013.3
2/15/2017,1013.9
2/16/2017,1038.5
2/17/2017,1056.2
2/18/2017,1059.7
2/19/2017,1056.2
2/20/2017,1091.2
2/21/2017,1129.6
2/22/2017,1125.5
2/23/2017,1189.8
2/24/2017,1185.4
2/25/2017,1153
2/26/2017,1178.3
2/27/2017,1195.5
2/28/2017,1189.1
3/1/2017,1233.2
3/2/2017,1258
3/3/2017,1289.2
3/4/2017,1267.8
3/5/2017,1278.4
3/6/2017,1279.2
3/7/2017,1232.4
3/8/2017,1150
3/9/2017,1190.4
3/10/2017,1115.4
3/11/2017,1172.4
3/12/2017,1224.4
3/13/2017,1238.5
3/14/2017,1245
3/15/2017,1256.2
3/16/2017,1168.6
3/17/2017,1070.4
3/18/2017,971.51
3/19/2017,1016.5
3/20/2017,1040.5
3/21/2017,1115.9
3/22/2017,1039.1
3/23/2017,1032.7
3/24/2017,942.13
3/25/2017,972.17
3/26/2017,968.9
3/27/2017,1042.7
3/28/2017,1044.7
3/29/2017,1041.8
3/30/2017,1041.2
3/31/2017,1081.5
4/1/2017,1093.5
4/2/2017,1107.5
4/3/2017,1150.1
4/4/2017,1145.8
4/5/2017,1140.4
4/6/2017,1191.5
4/7/2017,1196.6
4/8/2017,1188.1
4/9/2017,1215.9
4/10/2017,1220.3
4/11/2017,1235.6
4/12/2017,1227.4
4/13/2017,1186.9
4/14/2017,1206.8
4/15/2017,1193.3
4/16/2017,1212
4/17/2017,1240
4/18/2017,1265.4
4/19/2017,1260.5
4/20/2017,1308.5
4/21/2017,1327
4/22/2017,1346.4
4/23/2017,1355.2
4/24/2017,1345
4/25/2017,1371.1
4/26/2017,1400
4/27/2017,1440.3
4/28/2017,1415.6
4/29/2017,1423.6
4/30/2017,1435
5/1/2017,1533
5/2/2017,1558.5
5/3/2017,1619
5/4/2017,1607.1
5/5/2017,1545.1
5/6/2017,1597
5/7/2017,1619.9
5/8/2017,1703.5
5/9/2017,1760
5/10/2017,1796.9
5/11/2017,1853.9
5/12/2017,1735
5/13/2017,1819.5
5/14/2017,1827.3
5/15/2017,1772
5/16/2017,1786.2
5/17/2017,1870
5/18/2017,1941.5
5/19/2017,1966.5
5/20/2017,2059.3
5/21/2017,2026.6
5/22/2017,2087.3
5/23/2017,2249.6
5/24/2017,2395.5
5/25/2017,2268.1
5/26/2017,2125.9
5/27/2017,1980.2
5/28/2017,2056.9
5/29/2017,2207.4
5/30/2017,2146.7
5/31/2017,2191.8
6/1/2017,2312
6/2/2017,2405.9
6/3/2017,2461
6/4/2017,2488.2
6/5/2017,2636.9
6/6/2017,2844.6
6/7/2017,2644
6/8/2017,2781.5
6/9/2017,2809
6/10/2017,2806
6/11/2017,2941.8
6/12/2017,2569.6
6/13/2017,2677.1
6/14/2017,2394.3
6/15/2017,2377.5
6/16/2017,2437.5
6/17/2017,2610.1
6/18/2017,2491.4
6/19/2017,2582
6/20/2017,2714.5
6/21/2017,2624.4
6/22/2017,2672.8
6/23/2017,2674.9
6/24/2017,2502.6
6/25/2017,2483.3
6/26/2017,2393.6
6/27/2017,2521.2
6/28/2017,2518.2
6/29/2017,2472.4
6/30/2017,2420.6
7/1/2017,2346.2
7/2/2017,2445.1
7/3/2017,2524
7/4/2017,2579.9
7/5/2017,2598.6
7/6/2017,2593.2
7/7/2017,2479.3
7/8/2017,2542
7/9/2017,2477.9
7/10/2017,2318.3
7/11/2017,2283.8
7/12/2017,2375.6
7/13/2017,2330.1
7/14/2017,2206.5
7/15/2017,1978.6
7/16/2017,1925
7/17/2017,2220
7/18/2017,2302.8
7/19/2017,2253.4
7/20/2017,2865.1
7/21/2017,2659
7/22/2017,2844.7
7/23/2017,2750.1
7/24/2017,2769.7
7/25/2017,2560.9
7/26/2017,2527.73812
7/27/2017,2664.6
7/28/2017,2784.8
7/29/2017,2713.1
7/30/2017,2748.2
7/31/2017,2854.3
8/1/2017,2731.3
8/2/2017,2702
8/3/2017,2790.3
8/4/2017,2860
8/5/2017,3252.3
8/6/2017,3232.1
8/7/2017,3396
8/8/2017,3415
8/9/2017,3340.4
8/10/2017,3405
8/11/2017,3643.4
8/12/2017,3866.2
8/13/2017,4061.6
8/14/2017,4320.8
8/15/2017,4151.8
8/16/2017,4386.4
8/17/2017,4263
8/18/2017,4090.1
8/19/2017,4145
8/20/2017,4063.1
8/21/2017,3998.2
8/22/2017,4081.9
8/23/2017,4130.2
8/24/2017,4322.1
8/25/2017,4351.5
8/26/2017,4340.4
8/27/2017,4332.8
8/28/2017,4385.1
8/29/2017,4587.1
8/30/2017,4568
8/31/2017,4718.3
9/1/2017,4907.7
9/2/2017,4532.3
9/3/2017,4598.5
9/4/2017,4205
9/5/2017,4375
9/6/2017,4595.8
9/7/2017,4613.7
9/8/2017,4304
9/9/2017,4315.9
9/10/2017,4233.9
9/11/2017,4198.7
9/12/2017,4149.4
9/13/2017,3849.7
9/14/2017,3235.3
9/15/2017,3697.1
9/16/2017,3681.5
9/17/2017,3666.6
9/18/2017,4084.4
9/19/2017,3892.2
9/20/2017,3872.4
9/21/2017,3596.7
9/22/2017,3602.3
9/23/2017,3779.6
9/24/2017,3654.7
9/25/2017,3930.1
9/26/2017,3881.5
9/27/2017,4209.7
9/28/2017,4190
9/29/2017,4168
9/30/2017,4367.1
10/1/2017,4404.3
10/2/2017,4400.2
10/3/2017,4310.6
10/4/2017,4215.9
10/5/2017,4312
10/6/2017,4370
10/7/2017,4435.6
10/8/2017,4611.9
10/9/2017,4782.3
10/10/2017,4777.7
10/11/2017,4824.9
10/12/2017,5440
10/13/2017,5636.8
10/14/2017,5833.5
10/15/2017,5713.9
10/16/2017,5764.8
10/17/2017,5597.1
10/18/2017,5567
10/19/2017,5694.2
10/20/2017,5983.8
10/21/2017,6005.1
10/22/2017,5981.3
10/23/2017,5907.3
10/24/2017,5510
10/25/2017,5724.1
10/26/2017,5890
10/27/2017,5759.7
10/28/2017,5720.3
10/29/2017,6150
10/30/2017,6130
10/31/2017,6455.1
11/1/2017,6739.6
11/2/2017,7018.8
11/3/2017,7132
11/4/2017,7369.9
11/5/2017,7366.7
11/6/2017,6956.5
11/7/2017,7102
11/8/2017,7446.1
11/9/2017,7126.4
11/10/2017,6541.2
11/11/2017,6302.7
11/12/2017,5810.7
11/13/2017,6476.5
11/14/2017,6590
11/15/2017,7265.840952
11/16/2017,7865.2
11/17/2017,7675.9
11/18/2017,7773.3
11/19/2017,8052.7
11/20/2017,8248.8
11/21/2017,8096.9
11/22/2017,8230
11/23/2017,7977.1
11/24/2017,8191.7
11/25/2017,8753.4
11/26/2017,9305.1
11/27/2017,9723.6
11/28/2017,9892.1
11/29/2017,9766.1
11/30/2017,9907
12/1/2017,10860
12/2/2017,10880
12/3/2017,11162
12/4/2017,11599
12/5/2017,11592
12/6/2017,13509
12/7/2017,16609
12/8/2017,15822
12/9/2017,14661
12/10/2017,14960
12/11/2017,16753
12/12/2017,16972
12/13/2017,16171
12/14/2017,16384
12/15/2017,17569
12/16/2017,19210
12/17/2017,18960
12/18/2017,18928
12/19/2017,17345
12/20/2017,16425
12/21/2017,15645
12/22/2017,13173
12/23/2017,14035
12/24/2017,13477
12/25/2017,13633
12/26/2017,15680
12/27/2017,15375
12/28/2017,14323
12/29/2017,14304
12/30/2017,12384
12/31/2017,13769
1/1/2018,13376
1/2/2018,14722
1/3/2018,15150
1/4/2018,15159
1/5/2018,16911
1/6/2018,17169
1/7/2018,16215.35728
1/8/2018,14906
1/9/2018,14425
1/10/2018,14900
1/11/2018,13254
1/12/2018,13794
1/13/2018,14199
1/14/2018,13558
1/15/2018,13601
1/16/2018,11065
1/17/2018,11108
1/18/2018,11030
1/19/2018,11476
1/20/2018,12731
1/21/2018,11514
1/22/2018,10779
1/23/2018,10811
1/24/2018,11391
1/25/2018,11147
1/26/2018,11070
1/27/2018,11458
1/28/2018,11828
1/29/2018,11217.81769
1/30/2018,10171
1/31/2018,10267
2/1/2018,9181
2/2/2018,8890.9
2/3/2018,9225.069266
2/4/2018,8185.2
2/5/2018,6946.6
2/6/2018,7678.8
2/7/2018,7586.9
2/8/2018,8239.7
2/9/2018,8678.1
2/10/2018,8563
2/11/2018,8069.3
2/12/2018,8902.9
2/13/2018,8511.6
2/14/2018,9455.5
2/15/2018,9996
2/16/2018,10162
2/17/2018,11062
2/18/2018,10400
2/19/2018,11172
2/20/2018,11211
2/21/2018,10450
2/22/2018,9826.5
2/23/2018,10144
2/24/2018,9666.3
2/25/2018,9583
2/26/2018,10320
2/27/2018,10582
2/28/2018,10315
3/1/2018,10908
3/2/2018,11024
3/3/2018,11454.95955
3/4/2018,11500
3/5/2018,11402
3/6/2018,10720
3/7/2018,9910.6
3/8/2018,9300
3/9/2018,9216.2
3/10/2018,8769.9
3/11/2018,9527.7
3/12/2018,9130.2
3/13/2018,9135.2
3/14/2018,8176
3/15/2018,8250.1
3/16/2018,8250
3/17/2018,7845
3/18/2018,8200.3
3/19/2018,8600.2
3/20/2018,8899.7
3/21/2018,8888.2
3/22/2018,8699.3
3/23/2018,8914.4
3/24/2018,8522.6
3/25/2018,8445
3/26/2018,8131.123124
3/27/2018,7784.6
3/28/2018,7936
3/29/2018,7094
3/30/2018,6840.4
3/31/2018,6925.4
4/1/2018,6816.6
4/2/2018,7053.3
4/3/2018,7405.6
4/4/2018,6786
4/5/2018,6769
4/6/2018,6610
4/7/2018,6892.6
4/8/2018,7023.9
4/9/2018,6770.1
4/10/2018,6837.1
4/11/2018,6943.1
4/12/2018,7912
4/13/2018,7886.9
4/14/2018,8005.903243
4/15/2018,8357.5
4/16/2018,8056.2
4/17/2018,7888.9
4/18/2018,8171
4/19/2018,8273
4/20/2018,8865.4
4/21/2018,8912.5
4/22/2018,8791.4
4/23/2018,8940
4/24/2018,9646.8
4/25/2018,8869.2
4/26/2018,9269.9
4/27/2018,8920.1
4/28/2018,9345.7
4/29/2018,9400
4/30/2018,9240.6
5/1/2018,9068.2
5/2/2018,9236.4
5/3/2018,9759
5/4/2018,9703
5/5/2018,9861.2
5/6/2018,9658.7
5/7/2018,9370
5/8/2018,9184.7
5/9/2018,9318.2
5/10/2018,9018
5/11/2018,8412.4
5/12/2018,8470.8
5/13/2018,8683.6
5/14/2018,8670.8
5/15/2018,8467.5
5/16/2018,8336.1
5/17/2018,8054.3
5/18/2018,8238.9
5/19/2018,8231
5/20/2018,8523.7
5/21/2018,8399.6
5/22/2018,7977.850045
5/23/2018,7494.8
5/24/2018,7576.7
5/25/2018,7456.7
5/26/2018,7327.7
5/27/2018,7339.7
5/28/2018,7097.9
5/29/2018,7465.2
5/30/2018,7375.120853
5/31/2018,7485.8
6/1/2018,7521
6/2/2018,7638.1
6/3/2018,7718
6/4/2018,7488.3
6/5/2018,7621.9
6/6/2018,7654
6/7/2018,7688.9
6/8/2018,7615.1
6/9/2018,7498.5
6/10/2018,6758
6/11/2018,6873.3
6/12/2018,6543.9
6/13/2018,6295.1
6/14/2018,6633.7
6/15/2018,6385
6/16/2018,6485.9
6/17/2018,6438.4
6/18/2018,6709.2
6/19/2018,6735.5
6/20/2018,6760.4
6/21/2018,6715.2
6/22/2018,6042.6
6/23/2018,6151.927649
6/24/2018,6148.03906
6/25/2018,6246.6
6/26/2018,6073.4
6/27/2018,6133.086682
6/28/2018,5848.1
6/29/2018,6208.1
6/30/2018,6391.5
7/1/2018,6349.7
7/2/2018,6617.6
7/3/2018,6509
7/4/2018,6590
7/5/2018,6531.3
7/6/2018,6602.2
7/7/2018,6761.8
7/8/2018,6707
7/9/2018,6666.9
7/10/2018,6301.8
7/11/2018,6377.8
7/12/2018,6249
7/13/2018,6220
7/14/2018,6250
7/15/2018,6347.2
7/16/2018,6729.2
7/17/2018,7319.8
7/18/2018,7379.4
7/19/2018,7473.5
7/20/2018,7333.1
7/21/2018,7403.4
7/22/2018,7397.6
7/23/2018,7719.8
7/24/2018,8390
7/25/2018,8178.4
7/26/2018,7939
7/27/2018,8188
7/28/2018,8235.6
7/29/2018,8221
7/30/2018,8179.5
7/31/2018,7731.3
8/1/2018,7606
8/2/2018,7535.2
8/3/2018,7420
8/4/2018,7013.215655
8/5/2018,7025.8
8/6/2018,6941.2
8/7/2018,6718.8
8/8/2018,6280.7
8/9/2018,6533.6
8/10/2018,6146.7
8/11/2018,6233.1
8/12/2018,6313.9
8/13/2018,6251.9
8/14/2018,6189
8/15/2018,6270.2
8/16/2018,6315.6
8/17/2018,6584.046497
8/18/2018,6391.2
8/19/2018,6485.1
8/20/2018,6255.9
8/21/2018,6479.1
8/22/2018,6363.8
8/23/2018,6527.2
8/24/2018,6693.6
8/25/2018,6732.9
8/26/2018,6707
8/27/2018,6909.4
8/28/2018,7079.9
8/29/2018,7039
8/30/2018,6986
8/31/2018,7014.6
9/1/2018,7197.4
9/2/2018,7300
9/3/2018,7267.8
9/4/2018,7358.9
9/5/2018,6704
9/6/2018,6516.1
9/7/2018,6397
9/8/2018,6184.944416
9/9/2018,6239.9
9/10/2018,6314.9
9/11/2018,6290.9
9/12/2018,6332.416722
9/13/2018,6489
9/14/2018,6480.1
9/15/2018,6512.8
9/16/2018,6498.4
9/17/2018,6252
9/18/2018,6335.4
9/19/2018,6390.9
9/20/2018,6493.907482
9/21/2018,6762.1
9/22/2018,6723
9/23/2018,6710
9/24/2018,6585.1
9/25/2018,6442.8
9/26/2018,6462.4
9/27/2018,6691.2
9/28/2018,6635.2
9/29/2018,6597.3
9/30/2018,6622.4
10/1/2018,6601.9
10/2/2018,6527.5
10/3/2018,6503.2
10/4/2018,6590.4
10/5/2018,6639.9
10/6/2018,6595.2
10/7/2018,6609.4
10/8/2018,6673.2
10/9/2018,6663
10/10/2018,6630.074458
10/11/2018,6251.9
10/12/2018,6291.9
10/13/2018,6326.5
10/14/2018,6336.4
10/15/2018,6742
10/16/2018,6754.2
10/17/2018,6736
10/18/2018,6613.2
10/19/2018,6525.1
10/20/2018,6581.5
10/21/2018,6590.9
10/22/2018,6567.3
10/23/2018,6550
10/24/2018,6554.1
10/25/2018,6528
10/26/2018,6531.477226
10/27/2018,6500.2
10/28/2018,6490.1
10/29/2018,6346.5
10/30/2018,6330.1
10/31/2018,6368.387159
11/1/2018,6406.1
11/2/2018,6427
11/3/2018,6389.1
11/4/2018,6491.7
11/5/2018,6470.2
11/6/2018,6522.2
11/7/2018,6572.9
11/8/2018,6475.3
11/9/2018,6418.7
11/10/2018,6431.1
11/11/2018,6447.9
11/12/2018,6446.9
11/13/2018,6459.069427
11/14/2018,5922.4
11/15/2018,5749.6
11/16/2018,5655.7
11/17/2018,5628.3
11/18/2018,5659.5
11/19/2018,4920.7
11/20/2018,4571
11/21/2018,4662.7
11/22/2018,4369.6
11/23/2018,4422.7
11/24/2018,3929.9
11/25/2018,4089.1
11/26/2018,3864.1
11/27/2018,3882.7
11/28/2018,4305
11/29/2018,4321.9
11/30/2018,4039.5
12/1/2018,4241.3
12/2/2018,4173
12/3/2018,3901.2
12/4/2018,3981.9
12/5/2018,3772.9
12/6/2018,3531
12/7/2018,3460
12/8/2018,3506
12/9/2018,3642.3
12/10/2018,3523
12/11/2018,3435.281378
12/12/2018,3535.6
12/13/2018,3354.3
12/14/2018,3281.7
12/15/2018,3283.4
12/16/2018,3301.5
12/17/2018,3625
12/18/2018,3780.8
12/19/2018,3810
12/20/2018,4214.5
12/21/2018,3976
12/22/2018,4135
12/23/2018,4071.7
12/24/2018,4140.7
12/25/2018,3909.7
12/26/2018,3930
12/27/2018,3712
12/28/2018,4036.7
12/29/2018,3894
12/30/2018,3977.3
12/31/2018,3830.5
1/1/2019,3963.1
1/2/2019,4048.8
1/3/2019,3924.3
1/4/2019,3954.9
1/5/2019,3911.9
1/6/2019,4168.4
1/7/2019,4113.9
1/8/2019,4100
1/9/2019,4083.3
1/10/2019,3712.8
1/11/2019,3714.8
1/12/2019,3702
1/13/2019,3591
1/14/2019,3749.3
1/15/2019,3654.3
1/16/2019,3673.6
1/17/2019,3722.5
1/18/2019,3675.7
1/19/2019,3762.3
1/20/2019,3586.1
1/21/2019,3579.4
1/22/2019,3639.1
1/23/2019,3622.3
1/24/2019,3652.705104
1/25/2019,3628.9
1/26/2019,3631.2
1/27/2019,3597.1
1/28/2019,3501.88593
1/29/2019,3477.9
1/30/2019,3529.6
1/31/2019,3503.8
2/1/2019,3534.770523
2/2/2019,3564.2
2/3/2019,3501.738671
2/4/2019,3490.468742
2/5/2019,3513
2/6/2019,3451.9
2/7/2019,3438.4
2/8/2019,3724
2/9/2019,3718.3
2/10/2019,3747.7
2/11/2019,3681.080535
2/12/2019,3694.2
2/13/2019,3666.1
2/14/2019,3656.7
2/15/2019,3670.1
2/16/2019,3676.445669
2/17/2019,3735.5
2/18/2019,3978.1
2/19/2019,3989.9
2/20/2019,4055
2/21/2019,4008.8
2/22/2019,4058.3
2/23/2019,4212.2
2/24/2019,3831.3
2/25/2019,3921.8
2/26/2019,3896.8
2/27/2019,3900.1
2/28/2019,3894
3/1/2019,3914
3/2/2019,3913
3/3/2019,3885
3/4/2019,3800.3
3/5/2019,3951.6
3/6/2019,3951.4
3/7/2019,3964.4
3/8/2019,3940.5
3/9/2019,4017.331295
3/10/2019,4000
3/11/2019,3949.1
3/12/2019,3954.1
3/13/2019,3946.2
3/14/2019,3948.3
3/15/2019,4003.2
3/16/2019,4088.038266
3/17/2019,4068.9
3/18/2019,4073.7
3/19/2019,4104.593289
3/20/2019,4127.161896
3/21/2019,4044.8
3/22/2019,4045.2
3/23/2019,4063.2
3/24/2019,4041.4
3/25/2019,3970
3/26/2019,3992.7
3/27/2019,4102.5
3/28/2019,4092.567835
3/29/2019,4179
3/30/2019,4165.103626
3/31/2019,4167.5
4/1/2019,4196.804213
4/2/2019,4922.1
4/3/2019,4978
4/4/2019,4938.9
4/5/2019,5083
4/6/2019,5091.1
4/7/2019,5238
4/8/2019,5312.4
4/9/2019,5216.3
4/10/2019,5310.1
4/11/2019,5059
4/12/2019,5114
4/13/2019,5103.7
4/14/2019,5194.4
4/15/2019,5042.787201
4/16/2019,5234.4
4/17/2019,5254.5
4/18/2019,5310.863933
4/19/2019,5314.1
4/20/2019,5340.039265
4/21/2019,5321.9
4/22/2019,5417.8
4/23/2019,5546.1
4/24/2019,5479.6
4/25/2019,5215.6
4/26/2019,5410.9
4/27/2019,5401.9
4/28/2019,5486.8
4/29/2019,5480.1
4/30/2019,5599.52273
5/1/2019,5629.5
5/2/2019,5723.8
5/3/2019,6017
5/4/2019,6098.1
5/5/2019,6041.402123
5/6/2019,6027.9
5/7/2019,6100
5/8/2019,6201.5
5/9/2019,6262
5/10/2019,6438.7
5/11/2019,7125.1
5/12/2019,6983.4
5/13/2019,7770.7
5/14/2019,7951.9
5/15/2019,8136.634176
5/16/2019,7859.7
5/17/2019,7417.9
5/18/2019,7260.1
5/19/2019,8188.3
5/20/2019,7990.6
5/21/2019,7931.711475
5/22/2019,7620
5/23/2019,7871.9
5/24/2019,7990
5/25/2019,8055
5/26/2019,8729.871366
5/27/2019,8806.1
5/28/2019,8738.1
5/29/2019,8678
5/30/2019,8270
5/31/2019,8532.665911
6/1/2019,8547
6/2/2019,8740.1
6/3/2019,8099.2
6/4/2019,7692.9
6/5/2019,7789.3
6/6/2019,7824.7
6/7/2019,7999.4
6/8/2019,7924
6/9/2019,7633.3
6/10/2019,8018.8
6/11/2019,7905.5
6/12/2019,8174
6/13/2019,8227.4
6/14/2019,8689.1
6/15/2019,8856
6/16/2019,8985.9
6/17/2019,9354.3
6/18/2019,9095
6/19/2019,9305.9
6/20/2019,9557.1
6/21/2019,10213.03996
6/22/2019,10744
6/23/2019,10913
6/24/2019,11069
6/25/2019,11737
6/26/2019,12876
6/27/2019,11198.9219
6/28/2019,12338
6/29/2019,11920
6/30/2019,10809
7/1/2019,10640
7/2/2019,10885
7/3/2019,11982
7/4/2019,11162.48569
7/5/2019,11003
7/6/2019,11281
7/7/2019,11485
7/8/2019,12301
7/9/2019,12558
7/10/2019,12093
7/11/2019,11340
7/12/2019,11765
7/13/2019,11312
7/14/2019,10204
7/15/2019,10820.87573
7/16/2019,9423.8
7/17/2019,9682.6
7/18/2019,10622
7/19/2019,10518
7/20/2019,10740
7/21/2019,10569.43491
7/22/2019,10328
7/23/2019,9859
7/24/2019,9768.968112
7/25/2019,9890.1
7/26/2019,9840.3
7/27/2019,9469
7/28/2019,9519
7/29/2019,9507
7/30/2019,9588.996764
7/31/2019,10088
8/1/2019,10400
8/2/2019,10520
8/3/2019,10822
8/4/2019,10973
8/5/2019,11824
8/6/2019,11472
8/7/2019,11999
8/8/2019,12050
8/9/2019,11891
8/10/2019,11311.40028
8/11/2019,11565.35774
8/12/2019,11404
8/13/2019,10904.01069
8/14/2019,10064.55823
8/15/2019,10324.26549
8/16/2019,10369
8/17/2019,10228
8/18/2019,10332.19208
8/19/2019,10938
8/20/2019,10792.13576
8/21/2019,10146.95442
8/22/2019,10117
8/23/2019,10408
8/24/2019,10154
8/25/2019,10132
8/26/2019,10377
8/27/2019,10184
8/28/2019,9727.4
8/29/2019,9509.4
8/30/2019,9601
8/31/2019,9623.9
9/1/2019,9779.1
9/2/2019,10388
9/3/2019,10641
9/4/2019,10590
9/5/2019,10582.92652
9/6/2019,10305
9/7/2019,10489
9/8/2019,10415
9/9/2019,10317
9/10/2019,10121
9/11/2019,10175
9/12/2019,10452
9/13/2019,10374
9/14/2019,10380
9/15/2019,10321
9/16/2019,10290
9/17/2019,10214.0832
9/18/2019,10185
9/19/2019,10301
9/20/2019,10197
9/21/2019,10013
9/22/2019,10055
9/23/2019,9702.6
9/24/2019,8538.7
9/25/2019,8475.3
9/26/2019,8105.9
9/27/2019,8213.4
9/28/2019,8238.2
9/29/2019,8090
9/30/2019,8331.135246
10/1/2019,8334.9
10/2/2019,8414.87721
10/3/2019,8261.1
10/4/2019,8170
10/5/2019,8162.5
10/6/2019,7883
10/7/2019,8227
10/8/2019,8205
10/9/2019,8607.5
10/10/2019,8596
10/11/2019,8278.2
10/12/2019,8319.6
10/13/2019,8304.9
10/14/2019,8369.96485
10/15/2019,8191.1
10/16/2019,8016
10/17/2019,8092.3
10/18/2019,7987.3
10/19/2019,7992.9
10/20/2019,8260.7
10/21/2019,8243.8
10/22/2019,8054.3
10/23/2019,7493.7
10/24/2019,7453
10/25/2019,8679.1
10/26/2019,9270.9
10/27/2019,9571.8
10/28/2019,9225.7
10/29/2019,9445.5
10/30/2019,9184.3
10/31/2019,9185.6
11/1/2019,9289
11/2/2019,9332.1
11/3/2019,9222.4
11/4/2019,9440
11/5/2019,9339.7
11/6/2019,9352.8
11/7/2019,9209.2
11/8/2019,8782.3
11/9/2019,8828.047204
11/10/2019,9069.7
11/11/2019,8737.715159
11/12/2019,8830
11/13/2019,8801.1
11/14/2019,8655.7
11/15/2019,8495.832625
11/16/2019,8523.5
11/17/2019,8537.3
11/18/2019,8219.5
11/19/2019,8164.9
11/20/2019,8126.4
11/21/2019,7671.1
11/22/2019,7317.2
11/23/2019,7352.6
11/24/2019,6965.3
11/25/2019,7162.8
11/26/2019,7198.3
11/27/2019,7549.3
11/28/2019,7460.8
11/29/2019,7796.6
11/30/2019,7599.882317
12/1/2019,7450.1
12/2/2019,7350.25736
12/3/2019,7336.023763
12/4/2019,7238.3
12/5/2019,7440
12/6/2019,7588.3
12/7/2019,7543.2
12/8/2019,7564.6
12/9/2019,7379.521422
12/10/2019,7254.6
12/11/2019,7230.722293
12/12/2019,7224
12/13/2019,7283.2
12/14/2019,7100.8
12/15/2019,7152.7
12/16/2019,6926.6
12/17/2019,6667.1
12/18/2019,7326.2
12/19/2019,7181.8
12/20/2019,7212.925908
12/21/2019,7166.4
12/22/2019,7535.1
12/23/2019,7347.4
12/24/2019,7276.9
12/25/2019,7220.1
12/26/2019,7232.4
12/27/2019,7287
12/28/2019,7334.4
12/29/2019,7413.6
12/30/2019,7260.9
12/31/2019,7208.3
1/1/2020,7212.7
1/2/2020,6989.4
1/3/2020,7371.2
1/4/2020,7369.831761
1/5/2020,7364.6
1/6/2020,7757.9
1/7/2020,8154.1
1/8/2020,8036.8
1/9/2020,7817.451465
1/10/2020,8184.5
1/11/2020,8013.7
1/12/2020,8174.7
1/13/2020,8095.8
1/14/2020,8772.6
1/15/2020,8807.7
1/16/2020,8720.6
1/17/2020,8875.4
1/18/2020,8891.6
1/19/2020,8698.7
1/20/2020,8638.2
1/21/2020,8734.1
1/22/2020,8663.9
1/23/2020,8403.568517
1/24/2020,8447.129673
1/25/2020,8353.7
1/26/2020,8621.5
1/27/2020,8912
1/28/2020,9397
1/29/2020,9300.3
1/30/2020,9512.711618
1/31/2020,9367.4
2/1/2020,9408
2/2/2020,9352.2
2/3/2020,9309.3
2/4/2020,9197.4
2/5/2020,9612
2/6/2020,9744.9001
2/7/2020,9805.2
2/8/2020,9877.2
2/9/2020,10151
2/10/2020,9851.2
2/11/2020,10247
2/12/2020,10338
2/13/2020,10222
2/14/2020,10335
2/15/2020,9900.9
2/16/2020,9926.8
2/17/2020,9708
2/18/2020,10184
2/19/2020,9592.3
2/20/2020,9608.1
2/21/2020,9692.9
2/22/2020,9663
2/23/2020,9985
2/24/2020,9674.1
2/25/2020,9327.5
2/26/2020,8813.2
2/27/2020,8825.6
2/28/2020,8728
2/29/2020,8561.5
3/1/2020,8556.7
3/2/2020,8938.4
3/3/2020,8791.1
3/4/2020,8788.6
3/5/2020,9090.8
3/6/2020,9180.6
3/7/2020,8919
3/8/2020,8073.997289
3/9/2020,7967.3
3/10/2020,7913.8
3/11/2020,7969.6
3/12/2020,4873.1
3/13/2020,5625.7
3/14/2020,5218.2
3/15/2020,5383.2
3/16/2020,5058.5
3/17/2020,5339.1
3/18/2020,5416.2
3/19/2020,6173.6
3/20/2020,6206.5
3/21/2020,6201.7
3/22/2020,5820.096781
3/23/2020,6491.5
3/24/2020,6762.093084
3/25/2020,6688.2
3/26/2020,6751.9
3/27/2020,6370
3/28/2020,6250
3/29/2020,5892.7
3/30/2020,6407.6
3/31/2020,6427.682786
4/1/2020,6675
4/2/2020,6810.7
4/3/2020,6740.8
4/4/2020,6880.1
4/5/2020,6780.2
4/6/2020,7340.2
4/7/2020,7202.998329
4/8/2020,7367
4/9/2020,7293.7
4/10/2020,6875.5
4/11/2020,6884.5
4/12/2020,6919
4/13/2020,6848.7
4/14/2020,6874
4/15/2020,6633.72277
4/16/2020,7114.7
4/17/2020,7045.8
4/18/2020,7268.8
4/19/2020,7133.3
4/20/2020,6837.7
4/21/2020,6850
4/22/2020,7133
4/23/2020,7498.9
4/24/2020,7508.3
4/25/2020,7538.5
4/26/2020,7697.9
4/27/2020,7777.603392
4/28/2020,7750.7
4/29/2020,8778.7
4/30/2020,8631.817153
5/1/2020,8822.8
5/2/2020,8982.3
5/3/2020,8899.8
5/4/2020,8865.8
5/5/2020,9020.1
5/6/2020,9152.470993
5/7/2020,9979.6
5/8/2020,9792.4
5/9/2020,9537.8
5/10/2020,8722.2
5/11/2020,8555.1
5/12/2020,8811.4
5/13/2020,9312
5/14/2020,9790.954158
5/15/2020,9311.2
5/16/2020,9387.95209
5/17/2020,9668.2
5/18/2020,9714.825163
5/19/2020,9769.4
5/20/2020,9502
5/21/2020,9057.1
5/22/2020,9162.4
5/23/2020,9175.6
5/24/2020,8710.1
5/25/2020,8902
5/26/2020,8845.5
5/27/2020,9210.298717
5/28/2020,9589.3
5/29/2020,9426.1
5/30/2020,9706.4
5/31/2020,9451.1
6/1/2020,10225.976
6/2/2020,9526.968083
6/3/2020,9676.6
6/4/2020,9790.700076
6/5/2020,9620.4
6/6/2020,9668.4
6/7/2020,9747.1
6/8/2020,9784.4
6/9/2020,9771.9
6/10/2020,9898.8
6/11/2020,9272.2
6/12/2020,9468.3
6/13/2020,9480.878185
6/14/2020,9344.751445
6/15/2020,9435
6/16/2020,9534.401723
6/17/2020,9473.4
6/18/2020,9400
6/19/2020,9315.5
6/20/2020,9371.3
6/21/2020,9301
6/22/2020,9697.728165
6/23/2020,9635.2
6/24/2020,9312.1
6/25/2020,9257.034669
6/26/2020,9173.1
6/27/2020,9015.3
6/28/2020,9125.366022
6/29/2020,9194.433851
6/30/2020,9150.7
7/1/2020,9239.9
7/2/2020,9100
7/3/2020,9073.2
7/4/2020,9147.7
7/5/2020,9084.284734
7/6/2020,9361.1
7/7/2020,9267.514949
7/8/2020,9447
7/9/2020,9248.864169
7/10/2020,9304.6
7/11/2020,9246.3
7/12/2020,9315.8
7/13/2020,9252
7/14/2020,9263.4
7/15/2020,9210.1
7/16/2020,9149.6
7/17/2020,9167.328612
7/18/2020,9189.1
7/19/2020,9231.2
7/20/2020,9179.2
7/21/2020,9402
7/22/2020,9557.7
7/23/2020,9615
7/24/2020,9559.1
7/25/2020,9714.890204
7/26/2020,9948.4
7/27/2020,11043.96288
7/28/2020,10932
7/29/2020,11117
7/30/2020,11123
7/31/2020,11350
8/1/2020,11804.74401
8/2/2020,11053.77256
8/3/2020,11226.52173
8/4/2020,11184
8/5/2020,11735.81392
8/6/2020,11759
8/7/2020,11580.04081
8/8/2020,11764
8/9/2020,11675.32007
8/10/2020,11892
8/11/2020,11379
8/12/2020,11583
8/13/2020,11792.46008
8/14/2020,11761
8/15/2020,11873.41825
8/16/2020,11925
8/17/2020,12300
8/18/2020,11961.83968
8/19/2020,11778
8/20/2020,11884.67771
8/21/2020,11531
8/22/2020,11685
8/23/2020,11663
8/24/2020,11768
8/25/2020,11341.40067
8/26/2020,11471.10096
8/27/2020,11343
8/28/2020,11545
8/29/2020,11492
8/30/2020,11730
8/31/2020,11671
9/1/2020,11942
9/2/2020,11408
9/3/2020,10170
9/4/2020,10484.74763
9/5/2020,10196.8649
9/6/2020,10276
9/7/2020,10397
9/8/2020,10148
9/9/2020,10240
9/10/2020,10355
9/11/2020,10405
9/12/2020,10458
9/13/2020,10331
9/14/2020,10690
9/15/2020,10797
9/16/2020,10971.25116
9/17/2020,10959
9/18/2020,10957.17348
9/19/2020,11098
9/20/2020,10934.54183
9/21/2020,10435
9/22/2020,10549
9/23/2020,10263
9/24/2020,10754
9/25/2020,10708
9/26/2020,10750
9/27/2020,10803
9/28/2020,10714
9/29/2020,10856
9/30/2020,10795
10/1/2020,10634
10/2/2020,10586
10/3/2020,10558.58698
10/4/2020,10687
10/5/2020,10807
10/6/2020,10613.70526
10/7/2020,10687
10/8/2020,10943
10/9/2020,11071
10/10/2020,11308
10/11/2020,11385
10/12/2020,11560
10/13/2020,11442
10/14/2020,11440
10/15/2020,11509
10/16/2020,11325
10/17/2020,11375
10/18/2020,11518
10/19/2020,11757
10/20/2020,11925
10/21/2020,12810
10/22/2020,12988
10/23/2020,12935
10/24/2020,13127.03664
10/25/2020,13037
10/26/2020,13059
10/27/2020,13626
10/28/2020,13267
10/29/2020,13451
10/30/2020,13568
10/31/2020,13788
11/1/2020,13756
11/2/2020,13562
11/3/2020,14029.58964
11/4/2020,14149
11/5/2020,15568
11/6/2020,15572.88385
11/7/2020,14845
11/8/2020,15500
11/9/2020,15334.52195
11/10/2020,15311.53062
11/11/2020,15709.30422
11/12/2020,16296.18794
11/13/2020,16308.59481
11/14/2020,16057
11/15/2020,15965
11/16/2020,16719
11/17/2020,17674.87558
11/18/2020,17774
11/19/2020,17818
11/20/2020,18660
11/21/2020,18659.98826
11/22/2020,18392
11/23/2020,18372
11/24/2020,19131
11/25/2020,18727
11/26/2020,17211.6958
11/27/2020,17171
11/28/2020,17746
11/29/2020,18195.98749
11/30/2020,19696.27238
12/1/2020,18814
12/2/2020,19241
12/3/2020,19449
12/4/2020,18652
12/5/2020,19159
12/6/2020,19410
12/7/2020,19196.06787
12/8/2020,18329
12/9/2020,18558
12/10/2020,18260
12/11/2020,18049.91182
12/12/2020,18818
12/13/2020,19180
12/14/2020,19282
12/15/2020,19459
12/16/2020,21318
12/17/2020,22786
12/18/2020,23124
12/19/2020,23808
12/20/2020,23427
12/21/2020,22712.28178
12/22/2020,23805.897
12/23/2020,23208
12/24/2020,23743.46713
12/25/2020,24720.0882
12/26/2020,26413
12/27/2020,26241
12/28/2020,27053
12/29/2020,27424.53895
12/30/2020,28837.28853
12/31/2020,29022.4184
1/1/2021,29352.12679
1/2/2021,32163.82494
1/3/2021,33008.2262
1/4/2021,31515.57597
1/5/2021,34082.20605
1/6/2021,36933.52014
1/7/2021,39547.08408
1/8/2021,40815.96185
1/9/2021,40296.529
1/10/2021,38397.89599
1/11/2021,35669.90669
1/12/2021,33938.33588
1/13/2021,37456.00773
1/14/2021,39232.74997
1/15/2021,36787.52122
1/16/2021,36254.71308
1/17/2021,35804.26389
1/18/2021,36595.46477
1/19/2021,36104.86386
1/20/2021,35587.4892
1/21/2021,30913.69574
1/22/2021,32957.90878
1/23/2021,32068.08737
1/24/2021,32273.51735
1/25/2021,32375.32006
1/26/2021,32582.10945
1/27/2021,30445.52587
1/28/2021,33128.34753
1/29/2021,34150.81877
1/30/2021,34199.51981
1/31/2021,33064.78677
2/1/2021,33405.99036
2/2/2021,35485.98593
2/3/2021,37494.71762
2/4/2021,36816.50808
2/5/2021,38007.83223
2/6/2021,39279.41287
2/7/2021,38833.34026
2/8/2021,46307.57412
2/9/2021,46569.56483
2/10/2021,44848.69345
2/11/2021,47815.96176
2/12/2021,47414.18626
2/13/2021,46941.29209
2/14/2021,48607.87452
2/15/2021,47898.48703
2/16/2021,49238.13691
2/17/2021,52143.67884
2/18/2021,51733.07554
2/19/2021,56038.72776
2/20/2021,56377.63348
2/21/2021,57669.30353
2/22/2021,54410.85629
2/23/2021,48691.89483
2/24/2021,49849.37871
2/25/2021,46992.66545
2/26/2021,46551.48748
2/27/2021,46653.5264
2/28/2021,44970.16346
3/1/2021,49787.33996
3/2/2021,48532.23679
3/3/2021,50577.45747
3/4/2021,48727.4512
3/5/2021,49091.81488
3/6/2021,49019.36859
3/7/2021,51313.09262
3/8/2021,52328.53591
3/9/2021,54700.27344
3/10/2021,56020.48772
3/11/2021,57788.8681
3/12/2021,57353.86147
3/13/2021,61315.19793
3/14/2021,59428.96757
3/15/2021,55805.32925
3/16/2021,56830.25334
3/17/2021,59014.92563
3/18/2021,57922.40959
3/19/2021,58243.27061
3/20/2021,58376.15847
3/21/2021,57573.53934
3/22/2021,54370.13756
3/23/2021,54584.86995
3/24/2021,52526.8666
3/25/2021,51416.9083
3/26/2021,55033.10048
3/27/2021,55832.41811
3/28/2021,55728.10133
3/29/2021,57634.92869
3/30/2021,58668.62834
3/31/2021,58817.37389
4/1/2021,58801.19484
4/2/2021,59060.02678
4/3/2021,57060.40665
4/4/2021,58228.80262
4/5/2021,58706.81559
4/6/2021,58062.17872
4/7/2021,56134.41739
4/8/2021,58065.64402
4/9/2021,58152.99326
4/10/2021,59979.39282
4/11/2021,59988.02096
4/12/2021,59911.02059
4/13/2021,63576.67604
4/14/2021,62807.12323
4/15/2021,63179.77245
4/16/2021,61497.29957
4/17/2021,60273.86668
4/18/2021,56288.94534
4/19/2021,55721.16605
4/20/2021,56294.72856
4/21/2021,54190.07026
4/22/2021,51965.56643
4/23/2021,51191.1247
4/24/2021,50133.1074
4/25/2021,48981.44139
4/26/2021,53978.80555
4/27/2021,54991.81484
4/28/2021,54810.61385
4/29/2021,53596.70402
4/30/2021,57828.51181
5/1/2021,57812.96916
5/2/2021,56600.74529
5/3/2021,57200.3003
5/4/2021,53464.37022
5/5/2021,57432.10023
5/6/2021,56507.75944
5/7/2021,57361.56904
5/8/2021,58771.88169
5/9/2021,58213.92629
5/10/2021,55901.66759
5/11/2021,56928.97236
5/12/2021,50004.76218
5/13/2021,49972.7954
5/14/2021,49913.26314
5/15/2021,46780.9023
5/16/2021,46585.06414
5/17/2021,43780.8256
5/18/2021,43091.04145
5/19/2021,37287.3914
5/20/2021,40437.7301
5/21/2021,37339.6342
5/22/2021,37520.31768
5/23/2021,34977.5278
5/24/2021,38642.4423
5/25/2021,38210.80522
5/26/2021,39406.93424
5/27/2021,38642.89555
5/28/2021,35710.22094
5/29/2021,34775.07941
5/30/2021,35714.75202
5/31/2021,37340.67927
6/1/2021,36680.0682
6/2/2021,37685.71798
6/3/2021,39151.31618
6/4/2021,36938.72031
6/5/2021,35546.98596
6/6/2021,35834.47447
6/7/2021,33451.38341
6/8/2021,33557.15068
6/9/2021,37553.64376
6/10/2021,36903.30491
6/11/2021,37289.43252
6/12/2021,35666.14978
6/13/2021,39147.70568
6/14/2021,40624.51305
6/15/2021,40378.20255
6/16/2021,38321.45466
6/17/2021,38193.61914
6/18/2021,35881.11137
6/19/2021,35581.64227
6/20/2021,35787.07741
6/21/2021,31711.93547
6/22/2021,32507.73871
6/23/2021,33702.61779
6/24/2021,34675.44911
6/25/2021,31943.13647
6/26/2021,32023.9739
6/27/2021,34607.29327
6/28/2021,34556.84213
6/29/2021,35968.99367
6/30/2021,35171.4863
7/1/2021,33677.56624
7/2/2021,33950.78656
7/3/2021,34729.89078
7/4/2021,35394.21307
7/5/2021,33928.13422
7/6/2021,34149.98981
7/7/2021,33932.25464
7/8/2021,32933.5782
7/9/2021,33971.29775
7/10/2021,33704.53847
7/11/2021,34299.93802
7/12/2021,33262.65435
7/13/2021,32676.3838
7/14/2021,32878.50187
7/15/2021,31726.03883
7/16/2021,31399.65313
7/17/2021,31588.67135
7/18/2021,31919.39392
7/19/2021,30928.21191
7/20/2021,29971.90378
7/21/2021,32383.78113
7/22/2021,32409.49977
7/23/2021,33455.55127
7/24/2021,34213.59993
7/25/2021,35456.12466
7/26/2021,37281.91809
7/27/2021,39076.59377
7/28/2021,40031.19824
7/29/2021,39977.75694
7/30/2021,41936.26148
7/31/2021,41754.1666
8/1/2021,39914.82976
8/2/2021,39278.76651
8/3/2021,38368.35401
8/4/2021,39751.58458
8/5/2021,40825.38194
8/6/2021,42802.13717
8/7/2021,44647.5776
8/8/2021,43753.21786
8/9/2021,46311.0019
8/10/2021,45639.51402
8/11/2021,45652.06013
8/12/2021,44495.20979
8/13/2021,47717.27053
8/14/2021,47088.85313
8/15/2021,47025.00323
8/16/2021,46031.75754
8/17/2021,44534.45485
8/18/2021,45015.46555
8/19/2021,46745.03462
8/20/2021,49195.8786
8/21/2021,48933.68915
8/22/2021,49250.54487
8/23/2021,49518.57749
8/24/2021,47940.60791
8/25/2021,49002.70377
8/26/2021,47229.07065
8/27/2021,49083.10331
8/28/2021,48936.53725
8/29/2021,48907.27073
8/30/2021,47124.25422
8/31/2021,47335.4203
9/1/2021,48823.05521
9/2/2021,49338.78465
9/3/2021,49934.52828
9/4/2021,50013.02995
9/5/2021,51696.20643
9/6/2021,52739.80017
9/7/2021,46995.16417
9/8/2021,46085.02862
9/9/2021,46518.94119
9/10/2021,44802.6064
9/11/2021,45196.48828
9/12/2021,46195.2183
9/13/2021,45139.83397
9/14/2021,47135.432
9/15/2021,48186.53276
9/16/2021,47879.47344
9/17/2021,47228.65822
9/18/2021,48266.62707
9/19/2021,47371.03933
9/20/2021,42932.9466
9/21/2021,40386.62364
9/22/2021,43587.22305
9/23/2021,44980.89821
9/24/2021,42752.16815
9/25/2021,42856.85516
9/26/2021,43336.86123
9/27/2021,42247.35573
9/28/2021,41010.3752
9/29/2021,41587.66786
9/30/2021,43859.32615
10/1/2021,48181.87627
10/2/2021,47777.76202
10/3/2021,48282.97114
10/4/2021,49260.23232
10/5/2021,51668.99422
10/6/2021,55415.00574
10/7/2021,53894.59599
10/8/2021,54010.93747
10/9/2021,55125.46034
10/10/2021,54711.8696
10/11/2021,57572.51086
10/12/2021,56335.03546
10/13/2021,57487.98588
10/14/2021,57452.43179
10/15/2021,61809.02394
10/16/2021,61165.63564
10/17/2021,61583.77444
10/18/2021,62017.97273
10/19/2021,64517.64856
10/20/2021,66237.51755
10/21/2021,62541.08693
10/22/2021,61029.27093
10/23/2021,61572.14043
10/24/2021,61173.16639
10/25/2021,63228.21383
10/26/2021,60604.18889
10/27/2021,58641.00147
10/28/2021,60767.55585
10/29/2021,62283.19806
10/30/2021,61837.257
10/31/2021,61471.86846
11/1/2021,61121.8312
11/2/2021,63247.20896
11/3/2021,63130.94235
11/4/2021,61601.74357
11/5/2021,61247.38494
11/6/2021,61661.35866
11/7/2021,63153.23019
11/8/2021,67617.01554
11/9/2021,67145.37494
11/10/2021,65061.05441
11/11/2021,65005.64516
11/12/2021,64432.04795
11/13/2021,64660.33535
11/14/2021,65648.97779
11/15/2021,63933.83544
11/16/2021,60448.56251
11/17/2021,60603.65587
11/18/2021,56987.32234
11/19/2021,58459.25552
11/20/2021,60082.91167
11/21/2021,59139.77928
11/22/2021,56386.85685
11/23/2021,57748.79317
11/24/2021,57198.18385
11/25/2021,58897.84698
11/26/2021,53827.79287
11/27/2021,54533.40388
11/28/2021,57237.66114
11/29/2021,57848.77354
11/30/2021,57011.28047
12/1/2021,57169.37199
12/2/2021,56508.26805
12/3/2021,53785.96717
12/4/2021,49161.99071
12/5/2021,49268.46989
12/6/2021,50461.57684
12/7/2021,50647.66341
12/8/2021,50530.45806
12/9/2021,47885.87199
12/10/2021,47303.56415
12/11/2021,49242.30232
12/12/2021,50051.07835
12/13/2021,46696.3047
12/14/2021,48410.56466
12/15/2021,48936.86258
12/16/2021,47694.5305
12/17/2021,46328.69637
12/18/2021,46970.05705
12/19/2021,46807.04862
12/20/2021,47117.0082
12/21/2021,49145.21726
12/22/2021,48755.89564
12/23/2021,50900.61495
12/24/2021,50888.72104
12/25/2021,50663.4871
12/26/2021,50852.86026
12/27/2021,50774.06781
12/28/2021,47725.14805
12/29/2021,46506.99465
12/30/2021,47191.86839
12/31/2021,46319.65109
1/1/2022,47816.07768
1/2/2022,47387.21217
1/3/2022,46531.14086
1/4/2022,45938.02427
1/5/2022,43647.14751
1/6/2022,43216.45868
1/7/2022,41527.19704
1/8/2022,41756.66232
1/9/2022,41862.36099
1/10/2022,41869.85906
1/11/2022,42777.21102
1/12/2022,43981.87733
1/13/2022,42608.41001
1/14/2022,43120.85451
1/15/2022,43226.65027
1/16/2022,43119.79214
1/17/2022,42298.34112
1/18/2022,42395.45879
1/19/2022,41749.55143
1/20/2022,40707.68241
1/21/2022,36508.79979
1/22/2022,35180.43546
1/23/2022,36306.40944
1/24/2022,36774.00714
1/25/2022,36988.92851
1/26/2022,36870.44017
1/27/2022,37276.83956
1/28/2022,37852.57903
1/29/2022,38232.17873
1/30/2022,37983.1515
1/31/2022,38555.53446
2/1/2022,38835.69494
2/2/2022,37000.9825
2/3/2022,37101.35159
2/4/2022,41673.83955
2/5/2022,41493.69005
2/6/2022,42475.54322
2/7/2022,43910.92999
2/8/2022,44184.44751
2/9/2022,44383.88806
2/10/2022,43628.13953
2/11/2022,42445.38877
2/12/2022,42254.73812
2/13/2022,42247.83595
2/14/2022,42634.57378
2/15/2022,44574.32057
2/16/2022,44063.28198
2/17/2022,40562.98695
2/18/2022,40073.49536
2/19/2022,40192.75912
2/20/2022,38514.00854
2/21/2022,37059.9794
2/22/2022,38337.20386
2/23/2022,37372.29268
2/24/2022,38363.34549
2/25/2022,39316.16208
2/26/2022,39213.53688
