,,,,,,,,,<=10,>=90
,,,,,,,,,1.28%,4.53%
value,timestamp,mean,standard Devia,Normal Distribution ,,,,,,
25,2022/2/21,45.63556457,22.67124832,0.011628737,,,¡¢,,,
27,2022/2/20,,,0.012552057,,,,,,
25,2022/2/19,,,0.011628737,,,,,,
30,2022/2/18,,,0.013872388,,-2.1,-1.974056893,,,
52,2022/2/17,,,0.016916938,,-1.4,13.89581693,,,
51,2022/2/16,,,0.017111061,,-0.7,29.76569075,,,
46,2022/2/15,,,0.017594564,,mean,45.63556457,,,
46,2022/2/14,,,0.017594564,,0.7,61.50543839,,,
44,2022/2/13,,,0.017551105,,1.4,77.37531221,,,
44,2022/2/12,,,0.017551105,,2.1,93.24518603,,,
50,2022/2/11,,,0.017273771,,,,,,
50,2022/2/10,,,0.017273771,,,,,,
54,2022/2/9,,,0.016439043,,,,,,
48,2022/2/8,,,0.017501398,,,,,,
45,2022/2/7,,,0.017589925,,,,,,
37,2022/2/6,,,0.016365498,,,,,,
33,2022/2/5,,,0.015065479,,,,,,
20,2022/2/4,,,0.009285174,,,,,,
20,2022/2/3,,,0.009285174,,,,,,
28,2022/2/2,,,0.013002852,,,,,,
26,2022/2/1,,,0.012093338,,,,,,
20,2022/1/31,,,0.009285174,,,,,,
29,2022/1/30,,,0.013443656,,,,,,
24,2022/1/29,,,0.011160251,,,,,,
24,2022/1/28,,,0.011160251,,,,,,
20,2022/1/27,,,0.009285174,,,,,,
23,2022/1/26,,,0.010689821,,,,,,
12,2022/1/25,,,0.005854157,,,,,,
13,2022/1/24,,,0.006243993,,,,,,
11,2022/1/23,,,0.005477991,,,,,,
13,2022/1/22,,,0.006243993,,,,,,
19,2022/1/21,,,0.008824837,,,,,,
24,2022/1/20,,,0.011160251,,,,,,
24,2022/1/19,,,0.011160251,,,,,,
24,2022/1/18,,,0.011160251,,,,,,
22,2022/1/17,,,0.010219318,,,,,,
21,2022/1/16,,,0.009750535,,,,,,
23,2022/1/15,,,0.010689821,,,,,,
21,2022/1/14,,,0.009750535,,,,,,
21,2022/1/13,,,0.009750535,,,,,,
22,2022/1/12,,,0.010219318,,,,,,
21,2022/1/11,,,0.009750535,,,,,,
23,2022/1/10,,,0.010689821,,,,,,
23,2022/1/9,,,0.010689821,,,,,,
10,2022/1/8,,,0.005116034,,,,,,
18,2022/1/7,,,0.008371019,,,,,,
15,2022/1/6,,,0.007061934,,,,,,
24,2022/1/5,,,0.011160251,,,,,,
23,2022/1/4,,,0.010689821,,,,,,
29,2022/1/3,,,0.013443656,,,,,,
29,2022/1/2,,,0.013443656,,,,,,
21,2022/1/1,,,0.009750535,,,,,,
28,2021/12/31,,,0.013002852,,,,,,
22,2021/12/30,,,0.010219318,,,,,,
27,2021/12/29,,,0.012552057,,,,,,
41,2021/12/28,,,0.017232816,,,,,,
40,2021/12/27,,,0.017061489,,,,,,
37,2021/12/26,,,0.016365498,,,,,,
39,2021/12/25,,,0.016859033,,,,,,
41,2021/12/24,,,0.017232816,,,,,,
34,2021/12/23,,,0.015425419,,,,,,
45,2021/12/22,,,0.017589925,,,,,,
27,2021/12/21,,,0.012552057,,,,,,
25,2021/12/20,,,0.011628737,,,,,,
29,2021/12/19,,,0.013443656,,,,,,
24,2021/12/18,,,0.011160251,,,,,,
23,2021/12/17,,,0.010689821,,,,,,
29,2021/12/16,,,0.013443656,,,,,,
28,2021/12/15,,,0.013002852,,,,,,
21,2021/12/14,,,0.009750535,,,,,,
28,2021/12/13,,,0.013002852,,,,,,
27,2021/12/12,,,0.012552057,,,,,,
16,2021/12/11,,,0.007488362,,,,,,
24,2021/12/10,,,0.011160251,,,,,,
29,2021/12/9,,,0.013443656,,,,,,
28,2021/12/8,,,0.013002852,,,,,,
25,2021/12/7,,,0.011628737,,,,,,
16,2021/12/6,,,0.007488362,,,,,,
18,2021/12/5,,,0.008371019,,,,,,
25,2021/12/4,,,0.011628737,,,,,,
31,2021/12/3,,,0.014286968,,,,,,
32,2021/12/2,,,0.01468534,,,,,,
34,2021/12/1,,,0.015425419,,,,,,
40,2021/11/30,,,0.017061489,,,,,,
33,2021/11/29,,,0.015065479,,,,,,
27,2021/11/28,,,0.012552057,,,,,,
21,2021/11/27,,,0.009750535,,,,,,
47,2021/11/26,,,0.017564998,,,,,,
32,2021/11/25,,,0.01468534,,,,,,
42,2021/11/24,,,0.017372032,,,,,,
33,2021/11/23,,,0.015065479,,,,,,
50,2021/11/22,,,0.017273771,,,,,,
49,2021/11/21,,,0.017404134,,,,,,
43,2021/11/20,,,0.017478333,,,,,,
34,2021/11/19,,,0.015425419,,,,,,
54,2021/11/18,,,0.016439043,,,,,,
52,2021/11/17,,,0.016916938,,,,,,
71,2021/11/16,,,0.009410916,,,,,,
72,2021/11/15,,,0.008949064,,,,,,
74,2021/11/14,,,0.008045151,,,,,,
72,2021/11/13,,,0.008949064,,,,,,
74,2021/11/12,,,0.008045151,,,,,,
77,2021/11/11,,,0.006758213,,,,,,
75,2021/11/10,,,0.007605802,,,,,,
84,2021/11/9,,,0.004203585,,,,,,
75,2021/11/8,,,0.007605802,,,,,,
73,2021/11/7,,,0.008493337,,,,,,
71,2021/11/6,,,0.009410916,,,,,,
73,2021/11/5,,,0.008493337,,,,,,
73,2021/11/4,,,0.008493337,,,,,,
76,2021/11/3,,,0.007176471,,,,,,
73,2021/11/2,,,0.008493337,,,,,,
74,2021/11/1,,,0.008045151,,,,,,
74,2021/10/31,,,0.008045151,,,,,,
73,2021/10/30,,,0.008493337,,,,,,
70,2021/10/29,,,0.009877367,,,,,,
66,2021/10/28,,,0.011755171,,,,,,
73,2021/10/27,,,0.008493337,,,,,,
76,2021/10/26,,,0.007176471,,,,,,
72,2021/10/25,,,0.008949064,,,,,,
73,2021/10/24,,,0.008493337,,,,,,
74,2021/10/23,,,0.008045151,,,,,,
75,2021/10/22,,,0.007605802,,,,,,
84,2021/10/21,,,0.004203585,,,,,,
82,2021/10/20,,,0.004861411,,,,,,
75,2021/10/19,,,0.007605802,,,,,,
78,2021/10/18,,,0.006351962,,,,,,
79,2021/10/17,,,0.005958527,,,,,,
78,2021/10/16,,,0.006351962,,,,,,
71,2021/10/15,,,0.009410916,,,,,,
70,2021/10/14,,,0.009877367,,,,,,
70,2021/10/13,,,0.009877367,,,,,,
78,2021/10/12,,,0.006351962,,,,,,
71,2021/10/11,,,0.009410916,,,,,,
71,2021/10/10,,,0.009410916,,,,,,
72,2021/10/9,,,0.008949064,,,,,,
74,2021/10/8,,,0.008045151,,,,,,
76,2021/10/7,,,0.007176471,,,,,,
68,2021/10/6,,,0.010817452,,,,,,
59,2021/10/5,,,0.014790292,,,,,,
54,2021/10/4,,,0.016439043,,,,,,
49,2021/10/3,,,0.017404134,,,,,,
54,2021/10/2,,,0.016439043,,,,,,
27,2021/10/1,,,0.012552057,,,,,,
20,2021/9/30,,,0.009285174,,,,,,
24,2021/9/29,,,0.011160251,,,,,,
25,2021/9/28,,,0.011628737,,,,,,
26,2021/9/27,,,0.012093338,,,,,,
27,2021/9/26,,,0.012552057,,,,,,
28,2021/9/25,,,0.013002852,,,,,,
33,2021/9/24,,,0.015065479,,,,,,
27,2021/9/23,,,0.012552057,,,,,,
21,2021/9/22,,,0.009750535,,,,,,
27,2021/9/21,,,0.012552057,,,,,,
50,2021/9/20,,,0.017273771,,,,,,
53,2021/9/19,,,0.016692509,,,,,,
50,2021/9/18,,,0.017273771,,,,,,
48,2021/9/17,,,0.017501398,,,,,,
53,2021/9/16,,,0.016692509,,,,,,
49,2021/9/15,,,0.017404134,,,,,,
30,2021/9/14,,,0.013872388,,,,,,
44,2021/9/13,,,0.017551105,,,,,,
32,2021/9/12,,,0.01468534,,,,,,
31,2021/9/11,,,0.014286968,,,,,,
46,2021/9/10,,,0.017594564,,,,,,
45,2021/9/9,,,0.017589925,,,,,,
47,2021/9/8,,,0.017564998,,,,,,
79,2021/9/7,,,0.005958527,,,,,,
79,2021/9/6,,,0.005958527,,,,,,
73,2021/9/5,,,0.008493337,,,,,,
72,2021/9/4,,,0.008949064,,,,,,
74,2021/9/3,,,0.008045151,,,,,,
74,2021/9/2,,,0.008045151,,,,,,
71,2021/9/1,,,0.009410916,,,,,,
73,2021/8/31,,,0.008493337,,,,,,
73,2021/8/30,,,0.008493337,,,,,,
72,2021/8/29,,,0.008949064,,,,,,
78,2021/8/28,,,0.006351962,,,,,,
71,2021/8/27,,,0.009410916,,,,,,
75,2021/8/26,,,0.007605802,,,,,,
73,2021/8/25,,,0.008493337,,,,,,
79,2021/8/24,,,0.005958527,,,,,,
79,2021/8/23,,,0.005958527,,,,,,
76,2021/8/22,,,0.007176471,,,,,,
78,2021/8/21,,,0.006351962,,,,,,
70,2021/8/20,,,0.009877367,,,,,,
70,2021/8/19,,,0.009877367,,,,,,
73,2021/8/18,,,0.008493337,,,,,,
72,2021/8/17,,,0.008949064,,,,,,
72,2021/8/16,,,0.008949064,,,,,,
71,2021/8/15,,,0.009410916,,,,,,
76,2021/8/14,,,0.007176471,,,,,,
70,2021/8/13,,,0.009877367,,,,,,
70,2021/8/12,,,0.009877367,,,,,,
70,2021/8/11,,,0.009877367,,,,,,
71,2021/8/10,,,0.009410916,,,,,,
65,2021/8/9,,,0.012218376,,,,,,
74,2021/8/8,,,0.008045151,,,,,,
69,2021/8/7,,,0.010346788,,,,,,
52,2021/8/6,,,0.016916938,,,,,,
50,2021/8/5,,,0.017273771,,,,,,
42,2021/8/4,,,0.017372032,,,,,,
48,2021/8/3,,,0.017501398,,,,,,
48,2021/8/2,,,0.017501398,,,,,,
60,2021/8/1,,,0.014396666,,,,,,
60,2021/7/31,,,0.014396666,,,,,,
53,2021/7/30,,,0.016692509,,,,,,
50,2021/7/29,,,0.017273771,,,,,,
50,2021/7/28,,,0.017273771,,,,,,
32,2021/7/27,,,0.01468534,,,,,,
26,2021/7/26,,,0.012093338,,,,,,
27,2021/7/25,,,0.012552057,,,,,,
22,2021/7/24,,,0.010219318,,,,,,
23,2021/7/23,,,0.010689821,,,,,,
21,2021/7/22,,,0.009750535,,,,,,
10,2021/7/21,,,0.005116034,,,,,,
19,2021/7/20,,,0.008824837,,,,,,
24,2021/7/19,,,0.011160251,,,,,,
19,2021/7/18,,,0.008824837,,,,,,
15,2021/7/17,,,0.007061934,,,,,,
22,2021/7/16,,,0.010219318,,,,,,
20,2021/7/15,,,0.009285174,,,,,,
21,2021/7/14,,,0.009750535,,,,,,
20,2021/7/13,,,0.009285174,,,,,,
25,2021/7/12,,,0.011628737,,,,,,
20,2021/7/11,,,0.009285174,,,,,,
20,2021/7/10,,,0.009285174,,,,,,
20,2021/7/9,,,0.009285174,,,,,,
20,2021/7/8,,,0.009285174,,,,,,
28,2021/7/7,,,0.013002852,,,,,,
20,2021/7/6,,,0.009285174,,,,,,
29,2021/7/5,,,0.013443656,,,,,,
27,2021/7/4,,,0.012552057,,,,,,
24,2021/7/3,,,0.011160251,,,,,,
21,2021/7/2,,,0.009750535,,,,,,
28,2021/7/1,,,0.013002852,,,,,,
28,2021/6/30,,,0.013002852,,,,,,
25,2021/6/29,,,0.011628737,,,,,,
25,2021/6/28,,,0.011628737,,,,,,
22,2021/6/27,,,0.010219318,,,,,,
20,2021/6/26,,,0.009285174,,,,,,
27,2021/6/25,,,0.012552057,,,,,,
22,2021/6/24,,,0.010219318,,,,,,
14,2021/6/23,,,0.006646844,,,,,,
10,2021/6/22,,,0.005116034,,,,,,
23,2021/6/21,,,0.010689821,,,,,,
21,2021/6/20,,,0.009750535,,,,,,
23,2021/6/19,,,0.010689821,,,,,,
25,2021/6/18,,,0.011628737,,,,,,
26,2021/6/17,,,0.012093338,,,,,,
33,2021/6/16,,,0.015065479,,,,,,
38,2021/6/15,,,0.016626599,,,,,,
28,2021/6/14,,,0.013002852,,,,,,
23,2021/6/13,,,0.010689821,,,,,,
28,2021/6/12,,,0.013002852,,,,,,
21,2021/6/11,,,0.009750535,,,,,,
21,2021/6/10,,,0.009750535,,,,,,
14,2021/6/9,,,0.006646844,,,,,,
13,2021/6/8,,,0.006243993,,,,,,
15,2021/6/7,,,0.007061934,,,,,,
17,2021/6/6,,,0.007925106,,,,,,
24,2021/6/5,,,0.011160251,,,,,,
27,2021/6/4,,,0.012552057,,,,,,
24,2021/6/3,,,0.011160251,,,,,,
23,2021/6/2,,,0.010689821,,,,,,
20,2021/6/1,,,0.009285174,,,,,,
18,2021/5/31,,,0.008371019,,,,,,
10,2021/5/30,,,0.005116034,,,,,,
18,2021/5/29,,,0.008371019,,,,,,
21,2021/5/28,,,0.009750535,,,,,,
27,2021/5/27,,,0.012552057,,,,,,
22,2021/5/26,,,0.010219318,,,,,,
22,2021/5/25,,,0.010219318,,,,,,
10,2021/5/24,,,0.005116034,,,,,,
14,2021/5/23,,,0.006646844,,,,,,
12,2021/5/22,,,0.005854157,,,,,,
19,2021/5/21,,,0.008824837,,,,,,
11,2021/5/20,,,0.005477991,,,,,,
23,2021/5/19,,,0.010689821,,,,,,
21,2021/5/18,,,0.009750535,,,,,,
27,2021/5/17,,,0.012552057,,,,,,
20,2021/5/16,,,0.009285174,,,,,,
27,2021/5/15,,,0.012552057,,,,,,
26,2021/5/14,,,0.012093338,,,,,,
31,2021/5/13,,,0.014286968,,,,,,
68,2021/5/12,,,0.010817452,,,,,,
61,2021/5/11,,,0.013986278,,,,,,
72,2021/5/10,,,0.008949064,,,,,,
73,2021/5/9,,,0.008493337,,,,,,
67,2021/5/8,,,0.011287544,,,,,,
64,2021/5/7,,,0.012675149,,,,,,
65,2021/5/6,,,0.012218376,,,,,,
48,2021/5/5,,,0.017501398,,,,,,
68,2021/5/4,,,0.010817452,,,,,,
61,2021/5/3,,,0.013986278,,,,,,
66,2021/5/2,,,0.011755171,,,,,,
68,2021/5/1,,,0.010817452,,,,,,
51,2021/4/30,,,0.017111061,,,,,,
52,2021/4/29,,,0.016916938,,,,,,
59,2021/4/28,,,0.014790292,,,,,,
50,2021/4/27,,,0.017273771,,,,,,
27,2021/4/26,,,0.012552057,,,,,,
31,2021/4/25,,,0.014286968,,,,,,
37,2021/4/24,,,0.016365498,,,,,,
55,2021/4/23,,,0.016157958,,,,,,
65,2021/4/22,,,0.012218376,,,,,,
73,2021/4/21,,,0.008493337,,,,,,
73,2021/4/20,,,0.008493337,,,,,,
74,2021/4/19,,,0.008045151,,,,,,
79,2021/4/18,,,0.005958527,,,,,,
76,2021/4/17,,,0.007176471,,,,,,
78,2021/4/16,,,0.006351962,,,,,,
79,2021/4/15,,,0.005958527,,,,,,
75,2021/4/14,,,0.007605802,,,,,,
74,2021/4/13,,,0.008045151,,,,,,
74,2021/4/12,,,0.008045151,,,,,,
76,2021/4/11,,,0.007176471,,,,,,
70,2021/4/10,,,0.009877367,,,,,,
70,2021/4/9,,,0.009877367,,,,,,
73,2021/4/8,,,0.008493337,,,,,,
72,2021/4/7,,,0.008949064,,,,,,
75,2021/4/6,,,0.007605802,,,,,,
71,2021/4/5,,,0.009410916,,,,,,
74,2021/4/4,,,0.008045151,,,,,,
73,2021/4/3,,,0.008493337,,,,,,
74,2021/4/2,,,0.008045151,,,,,,
74,2021/4/1,,,0.008045151,,,,,,
76,2021/3/31,,,0.007176471,,,,,,
72,2021/3/30,,,0.008949064,,,,,,
72,2021/3/29,,,0.008949064,,,,,,
74,2021/3/28,,,0.008045151,,,,,,
65,2021/3/27,,,0.012218376,,,,,,
54,2021/3/26,,,0.016439043,,,,,,
60,2021/3/25,,,0.014396666,,,,,,
65,2021/3/24,,,0.012218376,,,,,,
66,2021/3/23,,,0.011755171,,,,,,
70,2021/3/22,,,0.009877367,,,,,,
73,2021/3/21,,,0.008493337,,,,,,
75,2021/3/20,,,0.007605802,,,,,,
71,2021/3/19,,,0.009410916,,,,,,
72,2021/3/18,,,0.008949064,,,,,,
71,2021/3/17,,,0.009410916,,,,,,
71,2021/3/16,,,0.009410916,,,,,,
76,2021/3/15,,,0.007176471,,,,,,
78,2021/3/14,,,0.006351962,,,,,,
74,2021/3/13,,,0.008045151,,,,,,
70,2021/3/12,,,0.009877367,,,,,,
73,2021/3/11,,,0.008493337,,,,,,
68,2021/3/10,,,0.010817452,,,,,,
81,2021/3/9,,,0.005212741,,,,,,
81,2021/3/8,,,0.005212741,,,,,,
76,2021/3/7,,,0.007176471,,,,,,
77,2021/3/6,,,0.006758213,,,,,,
77,2021/3/5,,,0.006758213,,,,,,
84,2021/3/4,,,0.004203585,,,,,,
78,2021/3/3,,,0.006351962,,,,,,
78,2021/3/2,,,0.006351962,,,,,,
38,2021/3/1,,,0.016626599,,,,,,
55,2021/2/28,,,0.016157958,,,,,,
56,2021/2/27,,,0.01585081,,,,,,
55,2021/2/26,,,0.016157958,,,,,,
79,2021/2/25,,,0.005958527,,,,,,
76,2021/2/24,,,0.007176471,,,,,,
94,2021/2/23,,,0.001808048,,,,,,
94,2021/2/22,,,0.001808048,,,,,,
91,2021/2/21,,,0.002376867,,,,,,
91,2021/2/20,,,0.002376867,,,,,,
93,2021/2/19,,,0.00198451,,,,,,
91,2021/2/18,,,0.002376867,,,,,,
95,2021/2/17,,,0.001644075,,,,,,
95,2021/2/16,,,0.001644075,,,,,,
93,2021/2/15,,,0.00198451,,,,,,
95,2021/2/14,,,0.001644075,,,,,,
92,2021/2/13,,,0.00217396,,,,,,
92,2021/2/12,,,0.00217396,,,,,,
93,2021/2/11,,,0.00198451,,,,,,
92,2021/2/10,,,0.00217396,,,,,,
95,2021/2/9,,,0.001644075,,,,,,
83,2021/2/8,,,0.004524947,,,,,,
86,2021/2/7,,,0.003606596,,,,,,
84,2021/2/6,,,0.004203585,,,,,,
81,2021/2/5,,,0.005212741,,,,,,
80,2021/2/4,,,0.005578597,,,,,,
78,2021/2/3,,,0.006351962,,,,,,
76,2021/2/2,,,0.007176471,,,,,,
77,2021/2/1,,,0.006758213,,,,,,
78,2021/1/31,,,0.006351962,,,,,,
76,2021/1/30,,,0.007176471,,,,,,
77,2021/1/29,,,0.006758213,,,,,,
55,2021/1/28,,,0.016157958,,,,,,
78,2021/1/27,,,0.006351962,,,,,,
71,2021/1/26,,,0.009410916,,,,,,
74,2021/1/25,,,0.008045151,,,,,,
70,2021/1/24,,,0.009877367,,,,,,
74,2021/1/23,,,0.008045151,,,,,,
40,2021/1/22,,,0.017061489,,,,,,
75,2021/1/21,,,0.007605802,,,,,,
78,2021/1/20,,,0.006351962,,,,,,
80,2021/1/19,,,0.005578597,,,,,,
79,2021/1/18,,,0.005958527,,,,,,
79,2021/1/17,,,0.005958527,,,,,,
84,2021/1/16,,,0.004203585,,,,,,
88,2021/1/15,,,0.003070403,,,,,,
83,2021/1/14,,,0.004524947,,,,,,
78,2021/1/13,,,0.006351962,,,,,,
84,2021/1/12,,,0.004203585,,,,,,
90,2021/1/11,,,0.002593662,,,,,,
94,2021/1/10,,,0.001808048,,,,,,
93,2021/1/9,,,0.00198451,,,,,,
93,2021/1/8,,,0.00198451,,,,,,
91,2021/1/7,,,0.002376867,,,,,,
95,2021/1/6,,,0.001644075,,,,,,
93,2021/1/5,,,0.00198451,,,,,,
94,2021/1/4,,,0.001808048,,,,,,
93,2021/1/3,,,0.00198451,,,,,,
94,2021/1/2,,,0.001808048,,,,,,
94,2021/1/1,,,0.001808048,,,,,,
95,2020/12/31,,,0.001644075,,,,,,
91,2020/12/30,,,0.002376867,,,,,,
91,2020/12/29,,,0.002376867,,,,,,
92,2020/12/28,,,0.00217396,,,,,,
91,2020/12/27,,,0.002376867,,,,,,
93,2020/12/26,,,0.00198451,,,,,,
94,2020/12/25,,,0.001808048,,,,,,
86,2020/12/24,,,0.003606596,,,,,,
93,2020/12/23,,,0.00198451,,,,,,
88,2020/12/22,,,0.003070403,,,,,,
92,2020/12/21,,,0.00217396,,,,,,
92,2020/12/20,,,0.00217396,,,,,,
93,2020/12/19,,,0.00198451,,,,,,
95,2020/12/18,,,0.001644075,,,,,,
92,2020/12/17,,,0.00217396,,,,,,
92,2020/12/16,,,0.00217396,,,,,,
91,2020/12/15,,,0.002376867,,,,,,
95,2020/12/14,,,0.001644075,,,,,,
91,2020/12/13,,,0.002376867,,,,,,
90,2020/12/12,,,0.002593662,,,,,,
89,2020/12/11,,,0.002824729,,,,,,
94,2020/12/10,,,0.001808048,,,,,,
86,2020/12/9,,,0.003606596,,,,,,
95,2020/12/8,,,0.001644075,,,,,,
94,2020/12/7,,,0.001808048,,,,,,
95,2020/12/6,,,0.001644075,,,,,,
93,2020/12/5,,,0.00198451,,,,,,
92,2020/12/4,,,0.00217396,,,,,,
92,2020/12/3,,,0.00217396,,,,,,
92,2020/12/2,,,0.00217396,,,,,,
95,2020/12/1,,,0.001644075,,,,,,
88,2020/11/30,,,0.003070403,,,,,,
89,2020/11/29,,,0.002824729,,,,,,
87,2020/11/28,,,0.003330956,,,,,,
86,2020/11/27,,,0.003606596,,,,,,
93,2020/11/26,,,0.00198451,,,,,,
94,2020/11/25,,,0.001808048,,,,,,
88,2020/11/24,,,0.003070403,,,,,,
90,2020/11/23,,,0.002593662,,,,,,
94,2020/11/22,,,0.001808048,,,,,,
91,2020/11/21,,,0.002376867,,,,,,
86,2020/11/20,,,0.003606596,,,,,,
94,2020/11/19,,,0.001808048,,,,,,
91,2020/11/18,,,0.002376867,,,,,,
86,2020/11/17,,,0.003606596,,,,,,
90,2020/11/16,,,0.002593662,,,,,,
86,2020/11/15,,,0.003606596,,,,,,
90,2020/11/14,,,0.002593662,,,,,,
89,2020/11/13,,,0.002824729,,,,,,
87,2020/11/12,,,0.003330956,,,,,,
86,2020/11/11,,,0.003606596,,,,,,
90,2020/11/10,,,0.002593662,,,,,,
90,2020/11/9,,,0.002593662,,,,,,
82,2020/11/8,,,0.004861411,,,,,,
88,2020/11/7,,,0.003070403,,,,,,
90,2020/11/6,,,0.002593662,,,,,,
72,2020/11/5,,,0.008949064,,,,,,
74,2020/11/4,,,0.008045151,,,,,,
71,2020/11/3,,,0.009410916,,,,,,
71,2020/11/2,,,0.009410916,,,,,,
72,2020/11/1,,,0.008949064,,,,,,
73,2020/10/31,,,0.008493337,,,,,,
74,2020/10/30,,,0.008045151,,,,,,
67,2020/10/29,,,0.011287544,,,,,,
70,2020/10/28,,,0.009877367,,,,,,
61,2020/10/27,,,0.013986278,,,,,,
75,2020/10/26,,,0.007605802,,,,,,
76,2020/10/25,,,0.007176471,,,,,,
73,2020/10/24,,,0.008493337,,,,,,
74,2020/10/23,,,0.008045151,,,,,,
73,2020/10/22,,,0.008493337,,,,,,
61,2020/10/21,,,0.013986278,,,,,,
56,2020/10/20,,,0.01585081,,,,,,
55,2020/10/19,,,0.016157958,,,,,,
55,2020/10/18,,,0.016157958,,,,,,
56,2020/10/17,,,0.01585081,,,,,,
52,2020/10/16,,,0.016916938,,,,,,
56,2020/10/15,,,0.01585081,,,,,,
53,2020/10/14,,,0.016692509,,,,,,
56,2020/10/13,,,0.01585081,,,,,,
52,2020/10/12,,,0.016916938,,,,,,
55,2020/10/11,,,0.016157958,,,,,,
53,2020/10/10,,,0.016692509,,,,,,
48,2020/10/9,,,0.017501398,,,,,,
46,2020/10/8,,,0.017594564,,,,,,
43,2020/10/7,,,0.017478333,,,,,,
47,2020/10/6,,,0.017564998,,,,,,
42,2020/10/5,,,0.017372032,,,,,,
42,2020/10/4,,,0.017372032,,,,,,
40,2020/10/3,,,0.017061489,,,,,,
41,2020/10/2,,,0.017232816,,,,,,
45,2020/10/1,,,0.017589925,,,,,,
49,2020/9/30,,,0.017404134,,,,,,
45,2020/9/29,,,0.017589925,,,,,,
43,2020/9/28,,,0.017478333,,,,,,
47,2020/9/27,,,0.017564998,,,,,,
45,2020/9/26,,,0.017589925,,,,,,
46,2020/9/25,,,0.017594564,,,,,,
39,2020/9/24,,,0.016859033,,,,,,
43,2020/9/23,,,0.017478333,,,,,,
39,2020/9/22,,,0.016859033,,,,,,
48,2020/9/21,,,0.017501398,,,,,,
52,2020/9/20,,,0.016916938,,,,,,
48,2020/9/19,,,0.017501398,,,,,,
49,2020/9/18,,,0.017404134,,,,,,
48,2020/9/17,,,0.017501398,,,,,,
43,2020/9/16,,,0.017478333,,,,,,
47,2020/9/15,,,0.017564998,,,,,,
39,2020/9/14,,,0.016859033,,,,,,
38,2020/9/13,,,0.016626599,,,,,,
41,2020/9/12,,,0.017232816,,,,,,
41,2020/9/11,,,0.017232816,,,,,,
38,2020/9/10,,,0.016626599,,,,,,
38,2020/9/9,,,0.016626599,,,,,,
41,2020/9/8,,,0.017232816,,,,,,
41,2020/9/7,,,0.017232816,,,,,,
41,2020/9/6,,,0.017232816,,,,,,
41,2020/9/5,,,0.017232816,,,,,,
40,2020/9/4,,,0.017061489,,,,,,
79,2020/9/3,,,0.005958527,,,,,,
83,2020/9/2,,,0.004524947,,,,,,
75,2020/9/1,,,0.007605802,,,,,,
75,2020/8/31,,,0.007605802,,,,,,
75,2020/8/30,,,0.007605802,,,,,,
79,2020/8/29,,,0.005958527,,,,,,
74,2020/8/28,,,0.008045151,,,,,,
75,2020/8/27,,,0.007605802,,,,,,
76,2020/8/26,,,0.007176471,,,,,,
75,2020/8/25,,,0.007605802,,,,,,
78,2020/8/24,,,0.006351962,,,,,,
76,2020/8/23,,,0.007176471,,,,,,
78,2020/8/22,,,0.006351962,,,,,,
81,2020/8/21,,,0.005212741,,,,,,
75,2020/8/20,,,0.007605802,,,,,,
80,2020/8/19,,,0.005578597,,,,,,
82,2020/8/18,,,0.004861411,,,,,,
83,2020/8/17,,,0.004524947,,,,,,
82,2020/8/16,,,0.004861411,,,,,,
79,2020/8/15,,,0.005958527,,,,,,
78,2020/8/14,,,0.006351962,,,,,,
75,2020/8/13,,,0.007605802,,,,,,
75,2020/8/12,,,0.007605802,,,,,,
84,2020/8/11,,,0.004203585,,,,,,
78,2020/8/10,,,0.006351962,,,,,,
79,2020/8/9,,,0.005958527,,,,,,
77,2020/8/8,,,0.006758213,,,,,,
77,2020/8/7,,,0.006758213,,,,,,
79,2020/8/6,,,0.005958527,,,,,,
75,2020/8/5,,,0.007605802,,,,,,
72,2020/8/4,,,0.008949064,,,,,,
75,2020/8/3,,,0.007605802,,,,,,
80,2020/8/2,,,0.005578597,,,,,,
75,2020/8/1,,,0.007605802,,,,,,
75,2020/7/31,,,0.007605802,,,,,,
76,2020/7/30,,,0.007176471,,,,,,
71,2020/7/29,,,0.009410916,,,,,,
76,2020/7/28,,,0.007176471,,,,,,
58,2020/7/27,,,0.015165146,,,,,,
55,2020/7/26,,,0.016157958,,,,,,
55,2020/7/25,,,0.016157958,,,,,,
53,2020/7/24,,,0.016692509,,,,,,
55,2020/7/23,,,0.016157958,,,,,,
50,2020/7/22,,,0.017273771,,,,,,
44,2020/7/21,,,0.017551105,,,,,,
44,2020/7/20,,,0.017551105,,,,,,
41,2020/7/19,,,0.017232816,,,,,,
44,2020/7/18,,,0.017551105,,,,,,
41,2020/7/17,,,0.017232816,,,,,,
43,2020/7/16,,,0.017478333,,,,,,
44,2020/7/15,,,0.017551105,,,,,,
43,2020/7/14,,,0.017478333,,,,,,
43,2020/7/13,,,0.017478333,,,,,,
41,2020/7/12,,,0.017232816,,,,,,
44,2020/7/11,,,0.017551105,,,,,,
41,2020/7/10,,,0.017232816,,,,,,
44,2020/7/9,,,0.017551105,,,,,,
44,2020/7/8,,,0.017551105,,,,,,
43,2020/7/7,,,0.017478333,,,,,,
40,2020/7/6,,,0.017061489,,,,,,
38,2020/7/5,,,0.016626599,,,,,,
40,2020/7/4,,,0.017061489,,,,,,
41,2020/7/3,,,0.017232816,,,,,,
42,2020/7/2,,,0.017372032,,,,,,
42,2020/7/1,,,0.017372032,,,,,,
44,2020/6/30,,,0.017551105,,,,,,
41,2020/6/29,,,0.017232816,,,,,,
40,2020/6/28,,,0.017061489,,,,,,
43,2020/6/27,,,0.017478333,,,,,,
40,2020/6/26,,,0.017061489,,,,,,
43,2020/6/25,,,0.017478333,,,,,,
50,2020/6/24,,,0.017273771,,,,,,
41,2020/6/23,,,0.017232816,,,,,,
38,2020/6/22,,,0.016626599,,,,,,
37,2020/6/21,,,0.016365498,,,,,,
38,2020/6/20,,,0.016626599,,,,,,
39,2020/6/19,,,0.016859033,,,,,,
40,2020/6/18,,,0.017061489,,,,,,
38,2020/6/17,,,0.016626599,,,,,,
39,2020/6/16,,,0.016859033,,,,,,
37,2020/6/15,,,0.016365498,,,,,,
40,2020/6/14,,,0.017061489,,,,,,
38,2020/6/13,,,0.016626599,,,,,,
38,2020/6/12,,,0.016626599,,,,,,
52,2020/6/11,,,0.016916938,,,,,,
54,2020/6/10,,,0.016439043,,,,,,
52,2020/6/9,,,0.016916938,,,,,,
53,2020/6/8,,,0.016692509,,,,,,
54,2020/6/7,,,0.016439043,,,,,,
54,2020/6/6,,,0.016439043,,,,,,
53,2020/6/5,,,0.016692509,,,,,,
54,2020/6/4,,,0.016439043,,,,,,
48,2020/6/3,,,0.017501398,,,,,,
56,2020/6/2,,,0.01585081,,,,,,
50,2020/6/1,,,0.017273771,,,,,,
51,2020/5/31,,,0.017111061,,,,,,
48,2020/5/30,,,0.017501398,,,,,,
48,2020/5/29,,,0.017501398,,,,,,
41,2020/5/28,,,0.017232816,,,,,,
39,2020/5/27,,,0.016859033,,,,,,
39,2020/5/26,,,0.016859033,,,,,,
41,2020/5/25,,,0.017232816,,,,,,
43,2020/5/24,,,0.017478333,,,,,,
40,2020/5/23,,,0.017061489,,,,,,
42,2020/5/22,,,0.017372032,,,,,,
49,2020/5/21,,,0.017404134,,,,,,
52,2020/5/20,,,0.016916938,,,,,,
50,2020/5/19,,,0.017273771,,,,,,
50,2020/5/18,,,0.017273771,,,,,,
40,2020/5/17,,,0.017061489,,,,,,
41,2020/5/16,,,0.017232816,,,,,,
44,2020/5/15,,,0.017551105,,,,,,
40,2020/5/14,,,0.017061489,,,,,,
41,2020/5/13,,,0.017232816,,,,,,
39,2020/5/12,,,0.016859033,,,,,,
40,2020/5/11,,,0.017061489,,,,,,
48,2020/5/10,,,0.017501398,,,,,,
56,2020/5/9,,,0.01585081,,,,,,
55,2020/5/8,,,0.016157958,,,,,,
49,2020/5/7,,,0.017404134,,,,,,
42,2020/5/6,,,0.017372032,,,,,,
40,2020/5/5,,,0.017061489,,,,,,
44,2020/5/4,,,0.017551105,,,,,,
45,2020/5/3,,,0.017589925,,,,,,
40,2020/5/2,,,0.017061489,,,,,,
40,2020/5/1,,,0.017061489,,,,,,
44,2020/4/30,,,0.017551105,,,,,,
26,2020/4/29,,,0.012093338,,,,,,
26,2020/4/28,,,0.012093338,,,,,,
28,2020/4/27,,,0.013002852,,,,,,
21,2020/4/26,,,0.009750535,,,,,,
24,2020/4/25,,,0.011160251,,,,,,
20,2020/4/24,,,0.009285174,,,,,,
19,2020/4/23,,,0.008824837,,,,,,
19,2020/4/22,,,0.008824837,,,,,,
17,2020/4/21,,,0.007925106,,,,,,
15,2020/4/20,,,0.007061934,,,,,,
16,2020/4/19,,,0.007488362,,,,,,
18,2020/4/18,,,0.008371019,,,,,,
15,2020/4/17,,,0.007061934,,,,,,
13,2020/4/16,,,0.006243993,,,,,,
18,2020/4/15,,,0.008371019,,,,,,
15,2020/4/14,,,0.007061934,,,,,,
11,2020/4/13,,,0.005477991,,,,,,
10,2020/4/12,,,0.005116034,,,,,,
15,2020/4/11,,,0.007061934,,,,,,
15,2020/4/10,,,0.007061934,,,,,,
22,2020/4/9,,,0.010219318,,,,,,
21,2020/4/8,,,0.009750535,,,,,,
20,2020/4/7,,,0.009285174,,,,,,
12,2020/4/6,,,0.005854157,,,,,,
12,2020/4/5,,,0.005854157,,,,,,
12,2020/4/4,,,0.005854157,,,,,,
14,2020/4/3,,,0.006646844,,,,,,
14,2020/4/2,,,0.006646844,,,,,,
12,2020/4/1,,,0.005854157,,,,,,
12,2020/3/31,,,0.005854157,,,,,,
10,2020/3/30,,,0.005116034,,,,,,
12,2020/3/29,,,0.005854157,,,,,,
8,2020/3/28,,,0.004436317,,,,,,
12,2020/3/27,,,0.005854157,,,,,,
14,2020/3/26,,,0.006646844,,,,,,
13,2020/3/25,,,0.006243993,,,,,,
12,2020/3/24,,,0.005854157,,,,,,
10,2020/3/23,,,0.005116034,,,,,,
11,2020/3/22,,,0.005477991,,,,,,
9,2020/3/21,,,0.004768705,,,,,,
9,2020/3/20,,,0.004768705,,,,,,
12,2020/3/19,,,0.005854157,,,,,,
11,2020/3/18,,,0.005477991,,,,,,
8,2020/3/17,,,0.004436317,,,,,,
9,2020/3/16,,,0.004768705,,,,,,
12,2020/3/15,,,0.005854157,,,,,,
8,2020/3/14,,,0.004436317,,,,,,
10,2020/3/13,,,0.005116034,,,,,,
14,2020/3/12,,,0.006646844,,,,,,
17,2020/3/11,,,0.007925106,,,,,,
16,2020/3/10,,,0.007488362,,,,,,
17,2020/3/9,,,0.007925106,,,,,,
33,2020/3/8,,,0.015065479,,,,,,
38,2020/3/7,,,0.016626599,,,,,,
39,2020/3/6,,,0.016859033,,,,,,
41,2020/3/5,,,0.017232816,,,,,,
40,2020/3/4,,,0.017061489,,,,,,
38,2020/3/3,,,0.016626599,,,,,,
38,2020/3/2,,,0.016626599,,,,,,
39,2020/3/1,,,0.016859033,,,,,,
38,2020/2/29,,,0.016626599,,,,,,
40,2020/2/28,,,0.017061489,,,,,,
39,2020/2/27,,,0.016859033,,,,,,
41,2020/2/26,,,0.017232816,,,,,,
44,2020/2/25,,,0.017551105,,,,,,
46,2020/2/24,,,0.017594564,,,,,,
46,2020/2/23,,,0.017594564,,,,,,
43,2020/2/22,,,0.017478333,,,,,,
44,2020/2/21,,,0.017551105,,,,,,
44,2020/2/20,,,0.017551105,,,,,,
50,2020/2/19,,,0.017273771,,,,,,
53,2020/2/18,,,0.016692509,,,,,,
49,2020/2/17,,,0.017404134,,,,,,
59,2020/2/16,,,0.014790292,,,,,,
64,2020/2/15,,,0.012675149,,,,,,
63,2020/2/14,,,0.013123441,,,,,,
65,2020/2/13,,,0.012218376,,,,,,
61,2020/2/12,,,0.013986278,,,,,,
52,2020/2/11,,,0.016916938,,,,,,
57,2020/2/10,,,0.015519278,,,,,,
56,2020/2/9,,,0.01585081,,,,,,
56,2020/2/8,,,0.01585081,,,,,,
56,2020/2/7,,,0.01585081,,,,,,
61,2020/2/6,,,0.013986278,,,,,,
53,2020/2/5,,,0.016692509,,,,,,
56,2020/2/4,,,0.01585081,,,,,,
59,2020/2/3,,,0.014790292,,,,,,
57,2020/2/2,,,0.015519278,,,,,,
57,2020/2/1,,,0.015519278,,,,,,
55,2020/1/31,,,0.016157958,,,,,,
57,2020/1/30,,,0.015519278,,,,,,
57,2020/1/29,,,0.015519278,,,,,,
54,2020/1/28,,,0.016439043,,,,,,
50,2020/1/27,,,0.017273771,,,,,,
42,2020/1/26,,,0.017372032,,,,,,
41,2020/1/25,,,0.017232816,,,,,,
40,2020/1/24,,,0.017061489,,,,,,
49,2020/1/23,,,0.017404134,,,,,,
52,2020/1/22,,,0.016916938,,,,,,
49,2020/1/21,,,0.017404134,,,,,,
48,2020/1/20,,,0.017501398,,,,,,
53,2020/1/19,,,0.016692509,,,,,,
51,2020/1/18,,,0.017111061,,,,,,
54,2020/1/17,,,0.016439043,,,,,,
55,2020/1/16,,,0.016157958,,,,,,
54,2020/1/15,,,0.016439043,,,,,,
56,2020/1/14,,,0.01585081,,,,,,
49,2020/1/13,,,0.017404134,,,,,,
45,2020/1/12,,,0.017589925,,,,,,
50,2020/1/11,,,0.017273771,,,,,,
41,2020/1/10,,,0.017232816,,,,,,
44,2020/1/9,,,0.017551105,,,,,,
51,2020/1/8,,,0.017111061,,,,,,
40,2020/1/7,,,0.017061489,,,,,,
41,2020/1/6,,,0.017232816,,,,,,
39,2020/1/5,,,0.016859033,,,,,,
38,2020/1/4,,,0.016626599,,,,,,
38,2020/1/3,,,0.016626599,,,,,,
39,2020/1/2,,,0.016859033,,,,,,
37,2020/1/1,,,0.016365498,,,,,,
38,2019/12/31,,,0.016626599,,,,,,
40,2019/12/30,,,0.017061489,,,,,,
37,2019/12/29,,,0.016365498,,,,,,
37,2019/12/28,,,0.016365498,,,,,,
38,2019/12/27,,,0.016626599,,,,,,
39,2019/12/26,,,0.016859033,,,,,,
22,2019/12/25,,,0.010219318,,,,,,
25,2019/12/24,,,0.011628737,,,,,,
33,2019/12/23,,,0.015065479,,,,,,
20,2019/12/22,,,0.009285174,,,,,,
23,2019/12/21,,,0.010689821,,,,,,
23,2019/12/20,,,0.010689821,,,,,,
21,2019/12/19,,,0.009750535,,,,,,
15,2019/12/18,,,0.007061934,,,,,,
23,2019/12/17,,,0.010689821,,,,,,
24,2019/12/16,,,0.011160251,,,,,,
21,2019/12/15,,,0.009750535,,,,,,
27,2019/12/14,,,0.012552057,,,,,,
22,2019/12/13,,,0.010219318,,,,,,
23,2019/12/12,,,0.010689821,,,,,,
20,2019/12/11,,,0.009285174,,,,,,
26,2019/12/10,,,0.012093338,,,,,,
32,2019/12/9,,,0.01468534,,,,,,
28,2019/12/8,,,0.013002852,,,,,,
32,2019/12/7,,,0.01468534,,,,,,
29,2019/12/6,,,0.013443656,,,,,,
21,2019/12/5,,,0.009750535,,,,,,
24,2019/12/4,,,0.011160251,,,,,,
28,2019/12/3,,,0.013002852,,,,,,
28,2019/12/2,,,0.013002852,,,,,,
25,2019/12/1,,,0.011628737,,,,,,
38,2019/11/30,,,0.016626599,,,,,,
31,2019/11/29,,,0.014286968,,,,,,
32,2019/11/28,,,0.01468534,,,,,,
20,2019/11/27,,,0.009285174,,,,,,
21,2019/11/26,,,0.009750535,,,,,,
17,2019/11/25,,,0.007925106,,,,,,
21,2019/11/24,,,0.009750535,,,,,,
23,2019/11/23,,,0.010689821,,,,,,
20,2019/11/22,,,0.009285174,,,,,,
30,2019/11/21,,,0.013872388,,,,,,
32,2019/11/20,,,0.01468534,,,,,,
32,2019/11/19,,,0.01468534,,,,,,
38,2019/11/18,,,0.016626599,,,,,,
38,2019/11/17,,,0.016626599,,,,,,
41,2019/11/16,,,0.017232816,,,,,,
38,2019/11/15,,,0.016626599,,,,,,
41,2019/11/14,,,0.017232816,,,,,,
38,2019/11/13,,,0.016626599,,,,,,
39,2019/11/12,,,0.016859033,,,,,,
40,2019/11/11,,,0.017061489,,,,,,
39,2019/11/10,,,0.016859033,,,,,,
38,2019/11/9,,,0.016626599,,,,,,
42,2019/11/8,,,0.017372032,,,,,,
54,2019/11/7,,,0.016439043,,,,,,
53,2019/11/6,,,0.016692509,,,,,,
54,2019/11/5,,,0.016439043,,,,,,
49,2019/11/4,,,0.017404134,,,,,,
56,2019/11/3,,,0.01585081,,,,,,
51,2019/11/2,,,0.017111061,,,,,,
49,2019/11/1,,,0.017404134,,,,,,
50,2019/10/31,,,0.017273771,,,,,,
53,2019/10/30,,,0.016692509,,,,,,
54,2019/10/29,,,0.016439043,,,,,,
52,2019/10/28,,,0.016916938,,,,,,
50,2019/10/27,,,0.017273771,,,,,,
53,2019/10/26,,,0.016692509,,,,,,
24,2019/10/25,,,0.011160251,,,,,,
20,2019/10/24,,,0.009285174,,,,,,
33,2019/10/23,,,0.015065479,,,,,,
39,2019/10/22,,,0.016859033,,,,,,
37,2019/10/21,,,0.016365498,,,,,,
37,2019/10/20,,,0.016365498,,,,,,
41,2019/10/19,,,0.017232816,,,,,,
40,2019/10/18,,,0.017061489,,,,,,
40,2019/10/17,,,0.017061489,,,,,,
40,2019/10/16,,,0.017061489,,,,,,
39,2019/10/15,,,0.016859033,,,,,,
37,2019/10/14,,,0.016365498,,,,,,
38,2019/10/13,,,0.016626599,,,,,,
38,2019/10/12,,,0.016626599,,,,,,
39,2019/10/11,,,0.016859033,,,,,,
41,2019/10/10,,,0.017232816,,,,,,
37,2019/10/9,,,0.016365498,,,,,,
39,2019/10/8,,,0.016859033,,,,,,
27,2019/10/7,,,0.012552057,,,,,,
32,2019/10/6,,,0.01468534,,,,,,
31,2019/10/5,,,0.014286968,,,,,,
30,2019/10/4,,,0.013872388,,,,,,
37,2019/10/3,,,0.016365498,,,,,,
39,2019/10/2,,,0.016859033,,,,,,
38,2019/10/1,,,0.016626599,,,,,,
27,2019/9/30,,,0.012552057,,,,,,
33,2019/9/29,,,0.015065479,,,,,,
32,2019/9/28,,,0.01468534,,,,,,
24,2019/9/27,,,0.011160251,,,,,,
12,2019/9/26,,,0.005854157,,,,,,
15,2019/9/25,,,0.007061934,,,,,,
39,2019/9/24,,,0.016859033,,,,,,
41,2019/9/23,,,0.017232816,,,,,,
37,2019/9/22,,,0.016365498,,,,,,
37,2019/9/21,,,0.016365498,,,,,,
41,2019/9/20,,,0.017232816,,,,,,
31,2019/9/19,,,0.014286968,,,,,,
38,2019/9/18,,,0.016626599,,,,,,
41,2019/9/17,,,0.017232816,,,,,,
38,2019/9/16,,,0.016626599,,,,,,
38,2019/9/15,,,0.016626599,,,,,,
39,2019/9/14,,,0.016859033,,,,,,
38,2019/9/13,,,0.016626599,,,,,,
39,2019/9/12,,,0.016859033,,,,,,
38,2019/9/11,,,0.016626599,,,,,,
41,2019/9/10,,,0.017232816,,,,,,
41,2019/9/9,,,0.017232816,,,,,,
43,2019/9/8,,,0.017478333,,,,,,
39,2019/9/7,,,0.016859033,,,,,,
43,2019/9/6,,,0.017478333,,,,,,
41,2019/9/5,,,0.017232816,,,,,,
43,2019/9/4,,,0.017478333,,,,,,
41,2019/9/3,,,0.017232816,,,,,,
28,2019/9/2,,,0.013002852,,,,,,
24,2019/9/1,,,0.011160251,,,,,,
20,2019/8/31,,,0.009285174,,,,,,
24,2019/8/30,,,0.011160251,,,,,,
20,2019/8/29,,,0.009285174,,,,,,
32,2019/8/28,,,0.01468534,,,,,,
30,2019/8/27,,,0.013872388,,,,,,
41,2019/8/26,,,0.017232816,,,,,,
33,2019/8/25,,,0.015065479,,,,,,
39,2019/8/24,,,0.016859033,,,,,,
33,2019/8/23,,,0.015065479,,,,,,
5,2019/8/22,,,0.003530362,,,,,,
11,2019/8/21,,,0.005477991,,,,,,
39,2019/8/20,,,0.016859033,,,,,,
30,2019/8/19,,,0.013872388,,,,,,
14,2019/8/18,,,0.006646844,,,,,,
20,2019/8/17,,,0.009285174,,,,,,
31,2019/8/16,,,0.014286968,,,,,,
13,2019/8/15,,,0.006243993,,,,,,
11,2019/8/14,,,0.005477991,,,,,,
45,2019/8/13,,,0.017589925,,,,,,
48,2019/8/12,,,0.017501398,,,,,,
45,2019/8/11,,,0.017589925,,,,,,
59,2019/8/10,,,0.014790292,,,,,,
60,2019/8/9,,,0.014396666,,,,,,
61,2019/8/8,,,0.013986278,,,,,,
45,2019/8/7,,,0.017589925,,,,,,
66,2019/8/6,,,0.011755171,,,,,,
64,2019/8/5,,,0.012675149,,,,,,
62,2019/8/4,,,0.013561178,,,,,,
61,2019/8/3,,,0.013986278,,,,,,
61,2019/8/2,,,0.013986278,,,,,,
57,2019/8/1,,,0.015519278,,,,,,
31,2019/7/31,,,0.014286968,,,,,,
22,2019/7/30,,,0.010219318,,,,,,
19,2019/7/29,,,0.008824837,,,,,,
16,2019/7/28,,,0.007488362,,,,,,
47,2019/7/27,,,0.017564998,,,,,,
24,2019/7/26,,,0.011160251,,,,,,
42,2019/7/25,,,0.017372032,,,,,,
20,2019/7/24,,,0.009285174,,,,,,
40,2019/7/23,,,0.017061489,,,,,,
42,2019/7/22,,,0.017372032,,,,,,
42,2019/7/21,,,0.017372032,,,,,,
34,2019/7/20,,,0.015425419,,,,,,
42,2019/7/19,,,0.017372032,,,,,,
40,2019/7/18,,,0.017061489,,,,,,
19,2019/7/17,,,0.008824837,,,,,,
34,2019/7/16,,,0.015425419,,,,,,
16,2019/7/15,,,0.007488362,,,,,,
61,2019/7/14,,,0.013986278,,,,,,
65,2019/7/13,,,0.012218376,,,,,,
33,2019/7/12,,,0.015065479,,,,,,
62,2019/7/11,,,0.013561178,,,,,,
83,2019/7/10,,,0.004524947,,,,,,
84,2019/7/9,,,0.004203585,,,,,,
74,2019/7/8,,,0.008045151,,,,,,
67,2019/7/7,,,0.011287544,,,,,,
72,2019/7/6,,,0.008949064,,,,,,
67,2019/7/5,,,0.011287544,,,,,,
76,2019/7/4,,,0.007176471,,,,,,
79,2019/7/3,,,0.005958527,,,,,,
63,2019/7/2,,,0.013123441,,,,,,
65,2019/7/1,,,0.012218376,,,,,,
78,2019/6/30,,,0.006351962,,,,,,
74,2019/6/29,,,0.008045151,,,,,,
62,2019/6/28,,,0.013561178,,,,,,
92,2019/6/27,,,0.00217396,,,,,,
95,2019/6/26,,,0.001644075,,,,,,
87,2019/6/25,,,0.003330956,,,,,,
80,2019/6/24,,,0.005578597,,,,,,
84,2019/6/23,,,0.004203585,,,,,,
83,2019/6/22,,,0.004524947,,,,,,
84,2019/6/21,,,0.004203585,,,,,,
81,2019/6/20,,,0.005212741,,,,,,
82,2019/6/19,,,0.004861411,,,,,,
83,2019/6/18,,,0.004524947,,,,,,
84,2019/6/17,,,0.004203585,,,,,,
80,2019/6/16,,,0.005578597,,,,,,
75,2019/6/15,,,0.007605802,,,,,,
67,2019/6/14,,,0.011287544,,,,,,
63,2019/6/13,,,0.013123441,,,,,,
60,2019/6/12,,,0.014396666,,,,,,
61,2019/6/11,,,0.013986278,,,,,,
46,2019/6/10,,,0.017594564,,,,,,
62,2019/6/9,,,0.013561178,,,,,,
62,2019/6/8,,,0.013561178,,,,,,
27,2019/6/7,,,0.012552057,,,,,,
34,2019/6/6,,,0.015425419,,,,,,
27,2019/6/5,,,0.012552057,,,,,,
42,2019/6/4,,,0.017372032,,,,,,
66,2019/6/3,,,0.011755171,,,,,,
63,2019/6/2,,,0.013123441,,,,,,
62,2019/6/1,,,0.013561178,,,,,,
61,2019/5/31,,,0.013986278,,,,,,
73,2019/5/30,,,0.008493337,,,,,,
71,2019/5/29,,,0.009410916,,,,,,
71,2019/5/28,,,0.009410916,,,,,,
70,2019/5/27,,,0.009877367,,,,,,
67,2019/5/26,,,0.011287544,,,,,,
69,2019/5/25,,,0.010346788,,,,,,
64,2019/5/24,,,0.012675149,,,,,,
65,2019/5/23,,,0.012218376,,,,,,
69,2019/5/22,,,0.010346788,,,,,,
68,2019/5/21,,,0.010817452,,,,,,
73,2019/5/20,,,0.008493337,,,,,,
70,2019/5/19,,,0.009877367,,,,,,
67,2019/5/18,,,0.011287544,,,,,,
65,2019/5/17,,,0.012218376,,,,,,
75,2019/5/16,,,0.007605802,,,,,,
77,2019/5/15,,,0.006758213,,,,,,
78,2019/5/14,,,0.006351962,,,,,,
78,2019/5/13,,,0.006351962,,,,,,
75,2019/5/12,,,0.007605802,,,,,,
76,2019/5/11,,,0.007176471,,,,,,
71,2019/5/10,,,0.009410916,,,,,,
69,2019/5/9,,,0.010346788,,,,,,
63,2019/5/8,,,0.013123441,,,,,,
69,2019/5/7,,,0.010346788,,,,,,
57,2019/5/6,,,0.015519278,,,,,,
67,2019/5/5,,,0.011287544,,,,,,
66,2019/5/4,,,0.011755171,,,,,,
63,2019/5/3,,,0.013123441,,,,,,
50,2019/5/2,,,0.017273771,,,,,,
51,2019/5/1,,,0.017111061,,,,,,
42,2019/4/30,,,0.017372032,,,,,,
42,2019/4/29,,,0.017372032,,,,,,
40,2019/4/28,,,0.017061489,,,,,,
42,2019/4/27,,,0.017372032,,,,,,
41,2019/4/26,,,0.017232816,,,,,,
58,2019/4/25,,,0.015165146,,,,,,
65,2019/4/24,,,0.012218376,,,,,,
68,2019/4/23,,,0.010817452,,,,,,
61,2019/4/22,,,0.013986278,,,,,,
62,2019/4/21,,,0.013561178,,,,,,
62,2019/4/20,,,0.013561178,,,,,,
61,2019/4/19,,,0.013986278,,,,,,
64,2019/4/18,,,0.012675149,,,,,,
61,2019/4/17,,,0.013986278,,,,,,
50,2019/4/16,,,0.017273771,,,,,,
60,2019/4/15,,,0.014396666,,,,,,
51,2019/4/14,,,0.017111061,,,,,,
62,2019/4/13,,,0.013561178,,,,,,
42,2019/4/12,,,0.017372032,,,,,,
65,2019/4/11,,,0.012218376,,,,,,
62,2019/4/10,,,0.013561178,,,,,,
64,2019/4/9,,,0.012675149,,,,,,
65,2019/4/8,,,0.012218376,,,,,,
69,2019/4/7,,,0.010346788,,,,,,
65,2019/4/6,,,0.012218376,,,,,,
59,2019/4/5,,,0.014790292,,,,,,
61,2019/4/4,,,0.013986278,,,,,,
71,2019/4/3,,,0.009410916,,,,,,
60,2019/4/2,,,0.014396666,,,,,,
62,2019/4/1,,,0.013561178,,,,,,
56,2019/3/31,,,0.01585081,,,,,,
57,2019/3/30,,,0.015519278,,,,,,
50,2019/3/29,,,0.017273771,,,,,,
49,2019/3/28,,,0.017404134,,,,,,
44,2019/3/27,,,0.017551105,,,,,,
43,2019/3/26,,,0.017478333,,,,,,
46,2019/3/25,,,0.017594564,,,,,,
44,2019/3/24,,,0.017551105,,,,,,
50,2019/3/23,,,0.017273771,,,,,,
56,2019/3/22,,,0.01585081,,,,,,
62,2019/3/21,,,0.013561178,,,,,,
55,2019/3/20,,,0.016157958,,,,,,
56,2019/3/19,,,0.01585081,,,,,,
56,2019/3/18,,,0.01585081,,,,,,
58,2019/3/17,,,0.015165146,,,,,,
54,2019/3/16,,,0.016439043,,,,,,
55,2019/3/15,,,0.016157958,,,,,,
55,2019/3/14,,,0.016157958,,,,,,
54,2019/3/13,,,0.016439043,,,,,,
56,2019/3/12,,,0.01585081,,,,,,
56,2019/3/11,,,0.01585081,,,,,,
55,2019/3/10,,,0.016157958,,,,,,
55,2019/3/9,,,0.016157958,,,,,,
54,2019/3/8,,,0.016439043,,,,,,
56,2019/3/7,,,0.01585081,,,,,,
42,2019/3/6,,,0.017372032,,,,,,
35,2019/3/5,,,0.015763259,,,,,,
36,2019/3/4,,,0.016077188,,,,,,
44,2019/3/3,,,0.017551105,,,,,,
41,2019/3/2,,,0.017232816,,,,,,
42,2019/3/1,,,0.017372032,,,,,,
39,2019/2/28,,,0.016859033,,,,,,
39,2019/2/27,,,0.016859033,,,,,,
40,2019/2/26,,,0.017061489,,,,,,
47,2019/2/25,,,0.017564998,,,,,,
69,2019/2/24,,,0.010346788,,,,,,
63,2019/2/23,,,0.013123441,,,,,,
61,2019/2/22,,,0.013986278,,,,,,
59,2019/2/21,,,0.014790292,,,,,,
59,2019/2/20,,,0.014790292,,,,,,
65,2019/2/19,,,0.012218376,,,,,,
63,2019/2/18,,,0.013123441,,,,,,
38,2019/2/17,,,0.016626599,,,,,,
43,2019/2/16,,,0.017478333,,,,,,
43,2019/2/15,,,0.017478333,,,,,,
48,2019/2/14,,,0.017501398,,,,,,
48,2019/2/13,,,0.017501398,,,,,,
38,2019/2/12,,,0.016626599,,,,,,
46,2019/2/11,,,0.017594564,,,,,,
40,2019/2/10,,,0.017061489,,,,,,
42,2019/2/9,,,0.017372032,,,,,,
37,2019/2/8,,,0.016365498,,,,,,
18,2019/2/7,,,0.008371019,,,,,,
14,2019/2/6,,,0.006646844,,,,,,
21,2019/2/5,,,0.009750535,,,,,,
27,2019/2/4,,,0.012552057,,,,,,
19,2019/2/3,,,0.008824837,,,,,,
22,2019/2/2,,,0.010219318,,,,,,
23,2019/2/1,,,0.010689821,,,,,,
17,2019/1/31,,,0.007925106,,,,,,
22,2019/1/30,,,0.010219318,,,,,,
21,2019/1/29,,,0.009750535,,,,,,
35,2019/1/28,,,0.015763259,,,,,,
39,2019/1/27,,,0.016859033,,,,,,
41,2019/1/26,,,0.017232816,,,,,,
35,2019/1/25,,,0.015763259,,,,,,
37,2019/1/24,,,0.016365498,,,,,,
33,2019/1/23,,,0.015065479,,,,,,
27,2019/1/22,,,0.012552057,,,,,,
30,2019/1/21,,,0.013872388,,,,,,
35,2019/1/20,,,0.015763259,,,,,,
31,2019/1/19,,,0.014286968,,,,,,
29,2019/1/18,,,0.013443656,,,,,,
28,2019/1/17,,,0.013002852,,,,,,
24,2019/1/16,,,0.011160251,,,,,,
27,2019/1/15,,,0.012552057,,,,,,
16,2019/1/14,,,0.007488362,,,,,,
21,2019/1/13,,,0.009750535,,,,,,
22,2019/1/12,,,0.010219318,,,,,,
19,2019/1/11,,,0.008824837,,,,,,
37,2019/1/10,,,0.016365498,,,,,,
42,2019/1/9,,,0.017372032,,,,,,
39,2019/1/8,,,0.016859033,,,,,,
39,2019/1/7,,,0.016859033,,,,,,
31,2019/1/6,,,0.014286968,,,,,,
36,2019/1/5,,,0.016077188,,,,,,
48,2019/1/4,,,0.017501398,,,,,,
33,2019/1/3,,,0.015065479,,,,,,
30,2019/1/2,,,0.013872388,,,,,,
24,2019/1/1,,,0.011160251,,,,,,
26,2018/12/31,,,0.012093338,,,,,,
23,2018/12/30,,,0.010689821,,,,,,
24,2018/12/29,,,0.011160251,,,,,,
21,2018/12/28,,,0.009750535,,,,,,
29,2018/12/27,,,0.013443656,,,,,,
26,2018/12/26,,,0.012093338,,,,,,
33,2018/12/25,,,0.015065479,,,,,,
25,2018/12/24,,,0.011628737,,,,,,
31,2018/12/23,,,0.014286968,,,,,,
28,2018/12/22,,,0.013002852,,,,,,
35,2018/12/21,,,0.015763259,,,,,,
27,2018/12/20,,,0.012552057,,,,,,
21,2018/12/19,,,0.009750535,,,,,,
23,2018/12/18,,,0.010689821,,,,,,
17,2018/12/17,,,0.007925106,,,,,,
13,2018/12/16,,,0.006243993,,,,,,
11,2018/12/15,,,0.005477991,,,,,,
10,2018/12/14,,,0.005116034,,,,,,
14,2018/12/13,,,0.006646844,,,,,,
14,2018/12/12,,,0.006646844,,,,,,
15,2018/12/11,,,0.007061934,,,,,,
19,2018/12/10,,,0.008824837,,,,,,
14,2018/12/9,,,0.006646844,,,,,,
11,2018/12/8,,,0.005477991,,,,,,
11,2018/12/7,,,0.005477991,,,,,,
13,2018/12/6,,,0.006243993,,,,,,
19,2018/12/5,,,0.008824837,,,,,,
12,2018/12/4,,,0.005854157,,,,,,
17,2018/12/3,,,0.007925106,,,,,,
15,2018/12/2,,,0.007061934,,,,,,
13,2018/12/1,,,0.006243993,,,,,,
19,2018/11/30,,,0.008824837,,,,,,
18,2018/11/29,,,0.008371019,,,,,,
14,2018/11/28,,,0.006646844,,,,,,
11,2018/11/27,,,0.005477991,,,,,,
17,2018/11/26,,,0.007925106,,,,,,
9,2018/11/25,,,0.004768705,,,,,,
15,2018/11/24,,,0.007061934,,,,,,
12,2018/11/23,,,0.005854157,,,,,,
14,2018/11/22,,,0.006646844,,,,,,
15,2018/11/21,,,0.007061934,,,,,,
21,2018/11/20,,,0.009750535,,,,,,
28,2018/11/19,,,0.013002852,,,,,,
26,2018/11/18,,,0.012093338,,,,,,
24,2018/11/17,,,0.011160251,,,,,,
23,2018/11/16,,,0.010689821,,,,,,
28,2018/11/15,,,0.013002852,,,,,,
49,2018/11/14,,,0.017404134,,,,,,
56,2018/11/13,,,0.01585081,,,,,,
52,2018/11/12,,,0.016916938,,,,,,
54,2018/11/11,,,0.016439043,,,,,,
52,2018/11/10,,,0.016916938,,,,,,
47,2018/11/9,,,0.017564998,,,,,,
51,2018/11/8,,,0.017111061,,,,,,
48,2018/11/7,,,0.017501398,,,,,,
42,2018/11/6,,,0.017372032,,,,,,
42,2018/11/5,,,0.017372032,,,,,,
41,2018/11/4,,,0.017232816,,,,,,
36,2018/11/3,,,0.016077188,,,,,,
36,2018/11/2,,,0.016077188,,,,,,
29,2018/11/1,,,0.013443656,,,,,,
32,2018/10/31,,,0.01468534,,,,,,
31,2018/10/30,,,0.014286968,,,,,,
34,2018/10/29,,,0.015425419,,,,,,
35,2018/10/28,,,0.015763259,,,,,,
33,2018/10/27,,,0.015065479,,,,,,
29,2018/10/26,,,0.013443656,,,,,,
25,2018/10/25,,,0.011628737,,,,,,
23,2018/10/24,,,0.010689821,,,,,,
24,2018/10/23,,,0.011160251,,,,,,
27,2018/10/22,,,0.012552057,,,,,,
21,2018/10/21,,,0.009750535,,,,,,
21,2018/10/20,,,0.009750535,,,,,,
24,2018/10/19,,,0.011160251,,,,,,
26,2018/10/18,,,0.012093338,,,,,,
23,2018/10/17,,,0.010689821,,,,,,
24,2018/10/16,,,0.011160251,,,,,,
20,2018/10/15,,,0.009285174,,,,,,
18,2018/10/14,,,0.008371019,,,,,,
15,2018/10/13,,,0.007061934,,,,,,
13,2018/10/12,,,0.006243993,,,,,,
19,2018/10/11,,,0.008824837,,,,,,
28,2018/10/10,,,0.013002852,,,,,,
31,2018/10/9,,,0.014286968,,,,,,
26,2018/10/8,,,0.012093338,,,,,,
29,2018/10/7,,,0.013443656,,,,,,
34,2018/10/6,,,0.015425419,,,,,,
37,2018/10/5,,,0.016365498,,,,,,
29,2018/10/4,,,0.013443656,,,,,,
36,2018/10/3,,,0.016077188,,,,,,
33,2018/10/2,,,0.015065479,,,,,,
35,2018/10/1,,,0.015763259,,,,,,
34,2018/9/30,,,0.015425419,,,,,,
37,2018/9/29,,,0.016365498,,,,,,
42,2018/9/28,,,0.017372032,,,,,,
42,2018/9/27,,,0.017372032,,,,,,
37,2018/9/26,,,0.016365498,,,,,,
37,2018/9/25,,,0.016365498,,,,,,
43,2018/9/24,,,0.017478333,,,,,,
38,2018/9/23,,,0.016626599,,,,,,
35,2018/9/22,,,0.015763259,,,,,,
31,2018/9/21,,,0.014286968,,,,,,
24,2018/9/20,,,0.011160251,,,,,,
24,2018/9/19,,,0.011160251,,,,,,
21,2018/9/18,,,0.009750535,,,,,,
25,2018/9/17,,,0.011628737,,,,,,
28,2018/9/16,,,0.013002852,,,,,,
24,2018/9/15,,,0.011160251,,,,,,
23,2018/9/14,,,0.010689821,,,,,,
20,2018/9/13,,,0.009285174,,,,,,
14,2018/9/12,,,0.006646844,,,,,,
18,2018/9/11,,,0.008371019,,,,,,
15,2018/9/10,,,0.007061934,,,,,,
13,2018/9/9,,,0.006243993,,,,,,
18,2018/9/8,,,0.008371019,,,,,,
17,2018/9/7,,,0.007925106,,,,,,
14,2018/9/6,,,0.006646844,,,,,,
17,2018/9/5,,,0.007925106,,,,,,
26,2018/9/4,,,0.012093338,,,,,,
19,2018/9/3,,,0.008824837,,,,,,
18,2018/9/2,,,0.008371019,,,,,,
21,2018/9/1,,,0.009750535,,,,,,
17,2018/8/31,,,0.007925106,,,,,,
22,2018/8/30,,,0.010219318,,,,,,
19,2018/8/29,,,0.008824837,,,,,,
19,2018/8/28,,,0.008824837,,,,,,
18,2018/8/27,,,0.008371019,,,,,,
19,2018/8/26,,,0.008824837,,,,,,
22,2018/8/25,,,0.010219318,,,,,,
19,2018/8/24,,,0.008824837,,,,,,
18,2018/8/23,,,0.008371019,,,,,,
21,2018/8/22,,,0.009750535,,,,,,
19,2018/8/21,,,0.008824837,,,,,,
26,2018/8/20,,,0.012093338,,,,,,
27,2018/8/19,,,0.012552057,,,,,,
24,2018/8/18,,,0.011160251,,,,,,
19,2018/8/17,,,0.008824837,,,,,,
21,2018/8/16,,,0.009750535,,,,,,
18,2018/8/15,,,0.008371019,,,,,,
16,2018/8/14,,,0.007488362,,,,,,
21,2018/8/13,,,0.009750535,,,,,,
18,2018/8/12,,,0.008371019,,,,,,
18,2018/8/11,,,0.008371019,,,,,,
21,2018/8/10,,,0.009750535,,,,,,
19,2018/8/9,,,0.008824837,,,,,,
23,2018/8/8,,,0.010689821,,,,,,
25,2018/8/7,,,0.011628737,,,,,,
25,2018/8/6,,,0.011628737,,,,,,
23,2018/8/5,,,0.010689821,,,,,,
31,2018/8/4,,,0.014286968,,,,,,
36,2018/8/3,,,0.016077188,,,,,,
39,2018/8/2,,,0.016859033,,,,,,
39,2018/8/1,,,0.016859033,,,,,,
48,2018/7/31,,,0.017501398,,,,,,
53,2018/7/30,,,0.016692509,,,,,,
54,2018/7/29,,,0.016439043,,,,,,
54,2018/7/28,,,0.016439043,,,,,,
47,2018/7/27,,,0.017564998,,,,,,
53,2018/7/26,,,0.016692509,,,,,,
54,2018/7/25,,,0.016439043,,,,,,
49,2018/7/24,,,0.017404134,,,,,,
44,2018/7/23,,,0.017551105,,,,,,
46,2018/7/22,,,0.017594564,,,,,,
43,2018/7/21,,,0.017478333,,,,,,
47,2018/7/20,,,0.017564998,,,,,,
44,2018/7/19,,,0.017551105,,,,,,
42,2018/7/18,,,0.017372032,,,,,,
39,2018/7/17,,,0.016859033,,,,,,
36,2018/7/16,,,0.016077188,,,,,,
32,2018/7/15,,,0.01468534,,,,,,
29,2018/7/14,,,0.013443656,,,,,,
29,2018/7/13,,,0.013443656,,,,,,
33,2018/7/12,,,0.015065479,,,,,,
29,2018/7/11,,,0.013443656,,,,,,
37,2018/7/10,,,0.016365498,,,,,,
39,2018/7/9,,,0.016859033,,,,,,
38,2018/7/8,,,0.016626599,,,,,,
34,2018/7/7,,,0.015425419,,,,,,
34,2018/7/6,,,0.015425419,,,,,,
37,2018/7/5,,,0.016365498,,,,,,
33,2018/7/4,,,0.015065479,,,,,,
31,2018/7/3,,,0.014286968,,,,,,
27,2018/7/2,,,0.012552057,,,,,,
27,2018/7/1,,,0.012552057,,,,,,
22,2018/6/30,,,0.010219318,,,,,,
16,2018/6/29,,,0.007488362,,,,,,
20,2018/6/28,,,0.009285174,,,,,,
18,2018/6/27,,,0.008371019,,,,,,
21,2018/6/26,,,0.009750535,,,,,,
16,2018/6/25,,,0.007488362,,,,,,
15,2018/6/24,,,0.007061934,,,,,,
17,2018/6/23,,,0.007925106,,,,,,
28,2018/6/22,,,0.013002852,,,,,,
37,2018/6/21,,,0.016365498,,,,,,
34,2018/6/20,,,0.015425419,,,,,,
32,2018/6/19,,,0.01468534,,,,,,
27,2018/6/18,,,0.012552057,,,,,,
23,2018/6/17,,,0.010689821,,,,,,
22,2018/6/16,,,0.010219318,,,,,,
26,2018/6/15,,,0.012093338,,,,,,
17,2018/6/14,,,0.007925106,,,,,,
19,2018/6/13,,,0.008824837,,,,,,
19,2018/6/12,,,0.008824837,,,,,,
15,2018/6/11,,,0.007061934,,,,,,
24,2018/6/10,,,0.011160251,,,,,,
39,2018/6/9,,,0.016859033,,,,,,
40,2018/6/8,,,0.017061489,,,,,,
38,2018/6/7,,,0.016626599,,,,,,
42,2018/6/6,,,0.017372032,,,,,,
26,2018/6/5,,,0.012093338,,,,,,
41,2018/6/4,,,0.017232816,,,,,,
40,2018/6/3,,,0.017061489,,,,,,
27,2018/6/2,,,0.012552057,,,,,,
24,2018/6/1,,,0.011160251,,,,,,
25,2018/5/31,,,0.011628737,,,,,,
38,2018/5/30,,,0.016626599,,,,,,
16,2018/5/29,,,0.007488362,,,,,,
22,2018/5/28,,,0.010219318,,,,,,
19,2018/5/27,,,0.008824837,,,,,,
23,2018/5/26,,,0.010689821,,,,,,
25,2018/5/25,,,0.011628737,,,,,,
27,2018/5/24,,,0.012552057,,,,,,
26,2018/5/23,,,0.012093338,,,,,,
30,2018/5/22,,,0.013872388,,,,,,
41,2018/5/21,,,0.017232816,,,,,,
32,2018/5/20,,,0.01468534,,,,,,
31,2018/5/19,,,0.014286968,,,,,,
37,2018/5/18,,,0.016365498,,,,,,
31,2018/5/17,,,0.014286968,,,,,,
32,2018/5/16,,,0.01468534,,,,,,
40,2018/5/15,,,0.017061489,,,,,,
40,2018/5/14,,,0.017061489,,,,,,
40,2018/5/13,,,0.017061489,,,,,,
44,2018/5/12,,,0.017551105,,,,,,
41,2018/5/11,,,0.017232816,,,,,,
63,2018/5/10,,,0.013123441,,,,,,
53,2018/5/9,,,0.016692509,,,,,,
62,2018/5/8,,,0.013561178,,,,,,
56,2018/5/7,,,0.01585081,,,,,,
67,2018/5/6,,,0.011287544,,,,,,
63,2018/5/5,,,0.013123441,,,,,,
56,2018/5/4,,,0.01585081,,,,,,
55,2018/5/3,,,0.016157958,,,,,,
52,2018/5/2,,,0.016916938,,,,,,
56,2018/5/1,,,0.01585081,,,,,,
59,2018/4/30,,,0.014790292,,,,,,
61,2018/4/29,,,0.013986278,,,,,,
54,2018/4/28,,,0.016439043,,,,,,
55,2018/4/27,,,0.016157958,,,,,,
47,2018/4/26,,,0.017564998,,,,,,
64,2018/4/25,,,0.012675149,,,,,,
29,2018/4/24,,,0.013443656,,,,,,
28,2018/4/23,,,0.013002852,,,,,,
31,2018/4/22,,,0.014286968,,,,,,
32,2018/4/21,,,0.01468534,,,,,,
26,2018/4/20,,,0.012093338,,,,,,
25,2018/4/19,,,0.011628737,,,,,,
24,2018/4/18,,,0.011160251,,,,,,
26,2018/4/17,,,0.012093338,,,,,,
23,2018/4/13,,,0.010689821,,,,,,
18,2018/4/12,,,0.008371019,,,,,,
20,2018/4/11,,,0.009285174,,,,,,
18,2018/4/10,,,0.008371019,,,,,,
21,2018/4/9,,,0.009750535,,,,,,
17,2018/4/8,,,0.007925106,,,,,,
20,2018/4/7,,,0.009285174,,,,,,
19,2018/4/6,,,0.008824837,,,,,,
17,2018/4/5,,,0.007925106,,,,,,
22,2018/4/4,,,0.010219318,,,,,,
22,2018/4/3,,,0.010219318,,,,,,
11,2018/4/2,,,0.005477991,,,,,,
16,2018/4/1,,,0.007488362,,,,,,
16,2018/3/31,,,0.007488362,,,,,,
12,2018/3/30,,,0.005854157,,,,,,
18,2018/3/29,,,0.008371019,,,,,,
24,2018/3/28,,,0.011160251,,,,,,
24,2018/3/27,,,0.011160251,,,,,,
31,2018/3/26,,,0.014286968,,,,,,
30,2018/3/25,,,0.013872388,,,,,,
32,2018/3/24,,,0.01468534,,,,,,
28,2018/3/23,,,0.013002852,,,,,,
36,2018/3/22,,,0.016077188,,,,,,
36,2018/3/21,,,0.016077188,,,,,,
37,2018/3/20,,,0.016365498,,,,,,
29,2018/3/19,,,0.013443656,,,,,,
29,2018/3/18,,,0.013443656,,,,,,
31,2018/3/17,,,0.014286968,,,,,,
33,2018/3/16,,,0.015065479,,,,,,
32,2018/3/15,,,0.01468534,,,,,,
40,2018/3/14,,,0.017061489,,,,,,
41,2018/3/13,,,0.017232816,,,,,,
41,2018/3/12,,,0.017232816,,,,,,
40,2018/3/11,,,0.017061489,,,,,,
39,2018/3/10,,,0.016859033,,,,,,
37,2018/3/9,,,0.016365498,,,,,,
39,2018/3/8,,,0.016859033,,,,,,
37,2018/3/7,,,0.016365498,,,,,,
59,2018/3/6,,,0.014790292,,,,,,
55,2018/3/5,,,0.016157958,,,,,,
44,2018/3/4,,,0.017551105,,,,,,
56,2018/3/3,,,0.01585081,,,,,,
47,2018/3/2,,,0.017564998,,,,,,
38,2018/3/1,,,0.016626599,,,,,,
41,2018/2/28,,,0.017232816,,,,,,
44,2018/2/27,,,0.017551105,,,,,,
37,2018/2/26,,,0.016365498,,,,,,
33,2018/2/25,,,0.015065479,,,,,,
31,2018/2/24,,,0.014286968,,,,,,
39,2018/2/23,,,0.016859033,,,,,,
44,2018/2/22,,,0.017551105,,,,,,
54,2018/2/21,,,0.016439043,,,,,,
74,2018/2/20,,,0.008045151,,,,,,
67,2018/2/19,,,0.011287544,,,,,,
63,2018/2/18,,,0.013123441,,,,,,
74,2018/2/17,,,0.008045151,,,,,,
67,2018/2/16,,,0.011287544,,,,,,
71,2018/2/15,,,0.009410916,,,,,,
55,2018/2/14,,,0.016157958,,,,,,
35,2018/2/13,,,0.015763259,,,,,,
42,2018/2/12,,,0.017372032,,,,,,
31,2018/2/11,,,0.014286968,,,,,,
54,2018/2/10,,,0.016439043,,,,,,
44,2018/2/9,,,0.017551105,,,,,,
30,2018/2/8,,,0.013872388,,,,,,
36,2018/2/7,,,0.016077188,,,,,,
8,2018/2/6,,,0.004436317,,,,,,
11,2018/2/5,,,0.005477991,,,,,,
24,2018/2/4,,,0.011160251,,,,,,
40,2018/2/3,,,0.017061489,,,,,,
15,2018/2/2,,,0.007061934,,,,,,
30,2018/2/1,,,0.013872388,,,,,,
,,,,,,,,,,
,,,,,,,,,,
,,,,,,,,,,
,,,,,,,,,,
,,,,,,,,,,
,,,,,,,,,,
,,,,,,,,,,
,,,,,,,,,,
,,,,,,,,,,
,,,,,,,,,,
,,,,,,,,,,
,,,,,,,,,,
,,,,,,,,,,
,,,,,,,,,,
,,,,,,,,,,
,,,,,,,,,,
,,,,,,,,,,
,,,,,,,,,,
,,,,,,,,,,
,,,,,,,,,,
,,,,,,,,,,
,,,,,,,,,,
,,,,,,,,,,
,,,,,,,,,,
,,,,,,,,,,
,,,,,,,,,,
,,,,,,,,,,
,,,,,,,,,,
,,,,,,,,,,
,,,,,,,,,,
,,,,,,,,,,
,,,,,,,,,,
,,,,,,,,,,
,,,,,,,,,,
,,,,,,,,,,
,,,,,,,,,,
,,,,,,,,,,
,,,,,,,,,,
,,,,,,,,,,
,,,,,,,,,,
,,,,,,,,,,
,,,,,,,,,,
,,,,,,,,,,
,,,,,,,,,,
,,,,,,,,,,
,,,,,,,,,,
,,,,,,,,,,
,,,,,,,,,,
,,,,,,,,,,
,,,,,,,,,,
,,,,,,,,,,
,,,,,,,,,,
,,,,,,,,,,
,,,,,,,,,,
,,,,,,,,,,
,,,,,,,,,,
,,,,,,,,,,
,,,,,,,,,,
,,,,,,,,,,
,,,,,,,,,,
,,,,,,,,,,
,,,,,,,,,,
,,,,,,,,,,
,,,,,,,,,,
,,,,,,,,,,
,,,,,,,,,,
,,,,,,,,,,
,,,,,,,,,,
,,,,,,,,,,
,,,,,,,,,,
,,,,,,,,,,
,,,,,,,,,,
,,,,,,,,,,
,,,,,,,,,,
,,,,,,,,,,
,,,,,,,,,,
,,,,,,,,,,
,,,,,,,,,,
,,,,,,,,,,
,,,,,,,,,,
,,,,,,,,,,
,,,,,,,,,,
,,,,,,,,,,
,,,,,,,,,,
,,,,,,,,,,
,,,,,,,,,,
,,,,,,,,,,
,,,,,,,,,,
,,,,,,,,,,
,,,,,,,,,,
,,,,,,,,,,
,,,,,,,,,,
,,,,,,,,,,
,,,,,,,,,,
,,,,,,,,,,
,,,,,,,,,,
,,,,,,,,,,
,,,,,,,,,,
,,,,,,,,,,
,,,,,,,,,,
,,,,,,,,,,
,,,,,,,,,,
,,,,,,,,,,
,,,,,,,,,,
,,,,,,,,,,
,,,,,,,,,,
,,,,,,,,,,
,,,,,,,,,,
,,,,,,,,,,
,,,,,,,,,,
,,,,,,,,,,
,,,,,,,,,,
,,,,,,,,,,
,,,,,,,,,,
,,,,,,,,,,
,,,,,,,,,,
,,,,,,,,,,
,,,,,,,,,,
,,,,,,,,,,
,,,,,,,,,,
,,,,,,,,,,
,,,,,,,,,,
,,,,,,,,,,
,,,,,,,,,,
,,,,,,,,,,
,,,,,,,,,,
,,,,,,,,,,
,,,,,,,,,,
,,,,,,,,,,
,,,,,,,,,,
,,,,,,,,,,
,,,,,,,,,,
,,,,,,,,,,
,,,,,,,,,,
,,,,,,,,,,
,,,,,,,,,,
,,,,,,,,,,
,,,,,,,,,,
,,,,,,,,,,
,,,,,,,,,,
,,,,,,,,,,
,,,,,,,,,,
,,,,,,,,,,
,,,,,,,,,,
,,,,,,,,,,
,,,,,,,,,,
,,,,,,,,,,
,,,,,,,,,,
,,,,,,,,,,
,,,,,,,,,,
,,,,,,,,,,
,,,,,,,,,,
,,,,,,,,,,
,,,,,,,,,,
,,,,,,,,,,
,,,,,,,,,,
,,,,,,,,,,
,,,,,,,,,,
,,,,,,,,,,
,,,,,,,,,,
,,,,,,,,,,
,,,,,,,,,,
,,,,,,,,,,
,,,,,,,,,,
,,,,,,,,,,
,,,,,,,,,,
,,,,,,,,,,
,,,,,,,,,,
,,,,,,,,,,
,,,,,,,,,,
,,,,,,,,,,
,,,,,,,,,,
,,,,,,,,,,
,,,,,,,,,,
,,,,,,,,,,
,,,,,,,,,,
,,,,,,,,,,
,,,,,,,,,,
,,,,,,,,,,
,,,,,,,,,,
,,,,,,,,,,
,,,,,,,,,,
,,,,,,,,,,
,,,,,,,,,,
,,,,,,,,,,
,,,,,,,,,,
,,,,,,,,,,
,,,,,,,,,,
,,,,,,,,,,
,,,,,,,,,,
,,,,,,,,,,
,,,,,,,,,,
,,,,,,,,,,
,,,,,,,,,,
,,,,,,,,,,
,,,,,,,,,,
,,,,,,,,,,
,,,,,,,,,,
,,,,,,,,,,
,,,,,,,,,,
,,,,,,,,,,
,,,,,,,,,,
,,,,,,,,,,
,,,,,,,,,,
,,,,,,,,,,
,,,,,,,,,,
,,,,,,,,,,
,,,,,,,,,,
,,,,,,,,,,
,,,,,,,,,,
,,,,,,,,,,
,,,,,,,,,,
,,,,,,,,,,
,,,,,,,,,,
,,,,,,,,,,
,,,,,,,,,,
,,,,,,,,,,
,,,,,,,,,,
,,,,,,,,,,
,,,,,,,,,,
,,,,,,,,,,
,,,,,,,,,,
,,,,,,,,,,
,,,,,,,,,,
,,,,,,,,,,
,,,,,,,,,,
,,,,,,,,,,
,,,,,,,,,,
,,,,,,,,,,
,,,,,,,,,,
,,,,,,,,,,
,,,,,,,,,,
,,,,,,,,,,
,,,,,,,,,,
,,,,,,,,,,
,,,,,,,,,,
,,,,,,,,,,
,,,,,,,,,,
,,,,,,,,,,
,,,,,,,,,,
,,,,,,,,,,
,,,,,,,,,,
,,,,,,,,,,
,,,,,,,,,,
,,,,,,,,,,
,,,,,,,,,,
,,,,,,,,,,
,,,,,,,,,,
,,,,,,,,,,
,,,,,,,,,,
,,,,,,,,,,
,,,,,,,,,,
,,,,,,,,,,
,,,,,,,,,,
,,,,,,,,,,
,,,,,,,,,,
,,,,,,,,,,
,,,,,,,,,,
,,,,,,,,,,
,,,,,,,,,,
,,,,,,,,,,
,,,,,,,,,,
,,,,,,,,,,
,,,,,,,,,,
,,,,,,,,,,
,,,,,,,,,,
,,,,,,,,,,
,,,,,,,,,,
,,,,,,,,,,
,,,,,,,,,,
,,,,,,,,,,
,,,,,,,,,,
,,,,,,,,,,
,,,,,,,,,,
,,,,,,,,,,
,,,,,,,,,,
,,,,,,,,,,
,,,,,,,,,,
,,,,,,,,,,
,,,,,,,,,,
,,,,,,,,,,
,,,,,,,,,,
,,,,,,,,,,
,,,,,,,,,,
,,,,,,,,,,
,,,,,,,,,,
,,,,,,,,,,
,,,,,,,,,,
,,,,,,,,,,
,,,,,,,,,,
,,,,,,,,,,
,,,,,,,,,,
,,,,,,,,,,
,,,,,,,,,,
,,,,,,,,,,
,,,,,,,,,,
,,,,,,,,,,
,,,,,,,,,,
,,,,,,,,,,
,,,,,,,,,,
,,,,,,,,,,
,,,,,,,,,,
,,,,,,,,,,
,,,,,,,,,,
,,,,,,,,,,
,,,,,,,,,,
,,,,,,,,,,
,,,,,,,,,,
,,,,,,,,,,
,,,,,,,,,,
,,,,,,,,,,
,,,,,,,,,,
,,,,,,,,,,
,,,,,,,,,,
,,,,,,,,,,
,,,,,,,,,,
,,,,,,,,,,
,,,,,,,,,,
,,,,,,,,,,
,,,,,,,,,,
,,,,,,,,,,
,,,,,,,,,,
,,,,,,,,,,
,,,,,,,,,,
,,,,,,,,,,
,,,,,,,,,,
,,,,,,,,,,
,,,,,,,,,,
,,,,,,,,,,
,,,,,,,,,,
,,,,,,,,,,
,,,,,,,,,,
,,,,,,,,,,
,,,,,,,,,,
,,,,,,,,,,
,,,,,,,,,,
,,,,,,,,,,
,,,,,,,,,,
,,,,,,,,,,
,,,,,,,,,,
,,,,,,,,,,
,,,,,,,,,,
,,,,,,,,,,
,,,,,,,,,,
,,,,,,,,,,
,,,,,,,,,,
,,,,,,,,,,
,,,,,,,,,,
,,,,,,,,,,
,,,,,,,,,,
,,,,,,,,,,
,,,,,,,,,,
,,,,,,,,,,
,,,,,,,,,,
,,,,,,,,,,
,,,,,,,,,,
,,,,,,,,,,
,,,,,,,,,,
,,,,,,,,,,
,,,,,,,,,,
,,,,,,,,,,
,,,,,,,,,,
,,,,,,,,,,
,,,,,,,,,,
,,,,,,,,,,
,,,,,,,,,,
,,,,,,,,,,
,,,,,,,,,,
,,,,,,,,,,
,,,,,,,,,,
,,,,,,,,,,
,,,,,,,,,,
,,,,,,,,,,
,,,,,,,,,,
,,,,,,,,,,
,,,,,,,,,,
,,,,,,,,,,
,,,,,,,,,,
,,,,,,,,,,
,,,,,,,,,,
,,,,,,,,,,
,,,,,,,,,,
,,,,,,,,,,
,,,,,,,,,,
,,,,,,,,,,
,,,,,,,,,,
,,,,,,,,,,
,,,,,,,,,,
,,,,,,,,,,
,,,,,,,,,,
,,,,,,,,,,
,,,,,,,,,,
,,,,,,,,,,
,,,,,,,,,,
,,,,,,,,,,
,,,,,,,,,,
,,,,,,,,,,
,,,,,,,,,,
,,,,,,,,,,
,,,,,,,,,,
,,,,,,,,,,
,,,,,,,,,,
,,,,,,,,,,
,,,,,,,,,,
,,,,,,,,,,
,,,,,,,,,,
,,,,,,,,,,
,,,,,,,,,,
,,,,,,,,,,
,,,,,,,,,,
,,,,,,,,,,
,,,,,,,,,,
,,,,,,,,,,
,,,,,,,,,,
,,,,,,,,,,
,,,,,,,,,,
,,,,,,,,,,
,,,,,,,,,,
,,,,,,,,,,
,,,,,,,,,,
,,,,,,,,,,
,,,,,,,,,,
,,,,,,,,,,
,,,,,,,,,,
,,,,,,,,,,
,,,,,,,,,,
,,,,,,,,,,
,,,,,,,,,,
,,,,,,,,,,
,,,,,,,,,,
,,,,,,,,,,
,,,,,,,,,,
,,,,,,,,,,
,,,,,,,,,,
,,,,,,,,,,
,,,,,,,,,,
,,,,,,,,,,
,,,,,,,,,,
,,,,,,,,,,
,,,,,,,,,,
,,,,,,,,,,
,,,,,,,,,,
,,,,,,,,,,
,,,,,,,,,,
,,,,,,,,,,
,,,,,,,,,,
,,,,,,,,,,
,,,,,,,,,,
,,,,,,,,,,
,,,,,,,,,,
,,,,,,,,,,
,,,,,,,,,,
,,,,,,,,,,
,,,,,,,,,,
,,,,,,,,,,
,,,,,,,,,,
,,,,,,,,,,
,,,,,,,,,,
,,,,,,,,,,
,,,,,,,,,,
,,,,,,,,,,
,,,,,,,,,,
,,,,,,,,,,
,,,,,,,,,,
,,,,,,,,,,
,,,,,,,,,,
,,,,,,,,,,
,,,,,,,,,,
,,,,,,,,,,
,,,,,,,,,,
,,,,,,,,,,
,,,,,,,,,,
,,,,,,,,,,
,,,,,,,,,,
,,,,,,,,,,
,,,,,,,,,,
,,,,,,,,,,
,,,,,,,,,,
,,,,,,,,,,
,,,,,,,,,,
,,,,,,,,,,
,,,,,,,,,,
,,,,,,,,,,
,,,,,,,,,,
,,,,,,,,,,
,,,,,,,,,,
,,,,,,,,,,
,,,,,,,,,,
,,,,,,,,,,
,,,,,,,,,,
,,,,,,,,,,
,,,,,,,,,,
,,,,,,,,,,
,,,,,,,,,,
,,,,,,,,,,
,,,,,,,,,,
,,,,,,,,,,
,,,,,,,,,,
,,,,,,,,,,
,,,,,,,,,,
,,,,,,,,,,
,,,,,,,,,,
,,,,,,,,,,
,,,,,,,,,,
,,,,,,,,,,
,,,,,,,,,,
,,,,,,,,,,
,,,,,,,,,,
,,,,,,,,,,
,,,,,,,,,,
,,,,,,,,,,
,,,,,,,,,,
,,,,,,,,,,
,,,,,,,,,,
,,,,,,,,,,
,,,,,,,,,,
,,,,,,,,,,
,,,,,,,,,,
,,,,,,,,,,
,,,,,,,,,,
,,,,,,,,,,
,,,,,,,,,,
,,,,,,,,,,
,,,,,,,,,,
,,,,,,,,,,
,,,,,,,,,,
,,,,,,,,,,
,,,,,,,,,,
,,,,,,,,,,
,,,,,,,,,,
,,,,,,,,,,
,,,,,,,,,,
,,,,,,,,,,
,,,,,,,,,,
,,,,,,,,,,
,,,,,,,,,,
,,,,,,,,,,
,,,,,,,,,,
,,,,,,,,,,
,,,,,,,,,,
,,,,,,,,,,
,,,,,,,,,,
,,,,,,,,,,
,,,,,,,,,,
,,,,,,,,,,
,,,,,,,,,,
,,,,,,,,,,
,,,,,,,,,,
,,,,,,,,,,
,,,,,,,,,,
,,,,,,,,,,
,,,,,,,,,,
,,,,,,,,,,
,,,,,,,,,,
,,,,,,,,,,
,,,,,,,,,,
,,,,,,,,,,
,,,,,,,,,,
,,,,,,,,,,
,,,,,,,,,,
,,,,,,,,,,
,,,,,,,,,,
,,,,,,,,,,
,,,,,,,,,,
,,,,,,,,,,
,,,,,,,,,,
,,,,,,,,,,
,,,,,,,,,,
,,,,,,,,,,
,,,,,,,,,,
,,,,,,,,,,
,,,,,,,,,,
,,,,,,,,,,
,,,,,,,,,,
,,,,,,,,,,
,,,,,,,,,,
,,,,,,,,,,
,,,,,,,,,,
,,,,,,,,,,
,,,,,,,,,,
,,,,,,,,,,
,,,,,,,,,,
,,,,,,,,,,
,,,,,,,,,,
,,,,,,,,,,
,,,,,,,,,,
,,,,,,,,,,
,,,,,,,,,,
,,,,,,,,,,
,,,,,,,,,,
,,,,,,,,,,
,,,,,,,,,,
,,,,,,,,,,
,,,,,,,,,,
,,,,,,,,,,
,,,,,,,,,,
,,,,,,,,,,
,,,,,,,,,,
,,,,,,,,,,
,,,,,,,,,,
,,,,,,,,,,
,,,,,,,,,,
,,,,,,,,,,
,,,,,,,,,,
,,,,,,,,,,
,,,,,,,,,,
,,,,,,,,,,
,,,,,,,,,,
,,,,,,,,,,
,,,,,,,,,,
,,,,,,,,,,
,,,,,,,,,,
,,,,,,,,,,
,,,,,,,,,,
,,,,,,,,,,
,,,,,,,,,,
,,,,,,,,,,
,,,,,,,,,,
,,,,,,,,,,
,,,,,,,,,,
,,,,,,,,,,
,,,,,,,,,,
,,,,,,,,,,
,,,,,,,,,,
,,,,,,,,,,
,,,,,,,,,,
,,,,,,,,,,
,,,,,,,,,,
,,,,,,,,,,
,,,,,,,,,,
,,,,,,,,,,
,,,,,,,,,,
,,,,,,,,,,
,,,,,,,,,,
,,,,,,,,,,
,,,,,,,,,,
,,,,,,,,,,
,,,,,,,,,,
,,,,,,,,,,
,,,,,,,,,,
,,,,,,,,,,
,,,,,,,,,,
,,,,,,,,,,
,,,,,,,,,,
,,,,,,,,,,
,,,,,,,,,,
,,,,,,,,,,
,,,,,,,,,,
,,,,,,,,,,
,,,,,,,,,,
,,,,,,,,,,
,,,,,,,,,,
,,,,,,,,,,
,,,,,,,,,,
,,,,,,,,,,
,,,,,,,,,,
,,,,,,,,,,
,,,,,,,,,,
,,,,,,,,,,
,,,,,,,,,,
,,,,,,,,,,
,,,,,,,,,,
,,,,,,,,,,
,,,,,,,,,,
,,,,,,,,,,
,,,,,,,,,,
,,,,,,,,,,
,,,,,,,,,,
,,,,,,,,,,
,,,,,,,,,,
,,,,,,,,,,
,,,,,,,,,,
,,,,,,,,,,
,,,,,,,,,,
,,,,,,,,,,
,,,,,,,,,,
,,,,,,,,,,
,,,,,,,,,,
,,,,,,,,,,
,,,,,,,,,,
,,,,,,,,,,
,,,,,,,,,,
,,,,,,,,,,
,,,,,,,,,,
,,,,,,,,,,
,,,,,,,,,,
,,,,,,,,,,
,,,,,,,,,,
,,,,,,,,,,
,,,,,,,,,,
,,,,,,,,,,
,,,,,,,,,,
,,,,,,,,,,
,,,,,,,,,,
,,,,,,,,,,
,,,,,,,,,,
,,,,,,,,,,
,,,,,,,,,,
,,,,,,,,,,
,,,,,,,,,,
,,,,,,,,,,
,,,,,,,,,,
,,,,,,,,,,
,,,,,,,,,,
,,,,,,,,,,
,,,,,,,,,,
,,,,,,,,,,
,,,,,,,,,,
,,,,,,,,,,
,,,,,,,,,,
,,,,,,,,,,
,,,,,,,,,,
,,,,,,,,,,
,,,,,,,,,,
,,,,,,,,,,
,,,,,,,,,,
,,,,,,,,,,
,,,,,,,,,,
,,,,,,,,,,
,,,,,,,,,,
,,,,,,,,,,
,,,,,,,,,,
,,,,,,,,,,
,,,,,,,,,,
,,,,,,,,,,
,,,,,,,,,,
,,,,,,,,,,
,,,,,,,,,,
,,,,,,,,,,
,,,,,,,,,,
,,,,,,,,,,
,,,,,,,,,,
,,,,,,,,,,
,,,,,,,,,,
,,,,,,,,,,
,,,,,,,,,,
,,,,,,,,,,
,,,,,,,,,,
,,,,,,,,,,
,,,,,,,,,,
,,,,,,,,,,
,,,,,,,,,,
,,,,,,,,,,
,,,,,,,,,,
,,,,,,,,,,
,,,,,,,,,,
,,,,,,,,,,
,,,,,,,,,,
,,,,,,,,,,
,,,,,,,,,,
,,,,,,,,,,
,,,,,,,,,,
,,,,,,,,,,
,,,,,,,,,,
,,,,,,,,,,
,,,,,,,,,,
,,,,,,,,,,
,,,,,,,,,,
,,,,,,,,,,
,,,,,,,,,,
,,,,,,,,,,
,,,,,,,,,,
,,,,,,,,,,
,,,,,,,,,,
,,,,,,,,,,
,,,,,,,,,,
,,,,,,,,,,
,,,,,,,,,,
,,,,,,,,,,
,,,,,,,,,,
,,,,,,,,,,
,,,,,,,,,,
,,,,,,,,,,
,,,,,,,,,,
,,,,,,,,,,
,,,,,,,,,,
,,,,,,,,,,
,,,,,,,,,,
,,,,,,,,,,
,,,,,,,,,,
,,,,,,,,,,
,,,,,,,,,,
,,,,,,,,,,
,,,,,,,,,,
,,,,,,,,,,
,,,,,,,,,,
,,,,,,,,,,
,,,,,,,,,,
,,,,,,,,,,
,,,,,,,,,,
,,,,,,,,,,
,,,,,,,,,,
,,,,,,,,,,
,,,,,,,,,,
,,,,,,,,,,
,,,,,,,,,,
,,,,,,,,,,
,,,,,,,,,,
,,,,,,,,,,
,,,,,,,,,,
,,,,,,,,,,
,,,,,,,,,,
,,,,,,,,,,
,,,,,,,,,,
,,,,,,,,,,
,,,,,,,,,,
,,,,,,,,,,
,,,,,,,,,,
,,,,,,,,,,
,,,,,,,,,,
,,,,,,,,,,
,,,,,,,,,,
,,,,,,,,,,
,,,,,,,,,,
,,,,,,,,,,
,,,,,,,,,,
,,,,,,,,,,
,,,,,,,,,,
,,,,,,,,,,
,,,,,,,,,,
,,,,,,,,,,
,,,,,,,,,,
,,,,,,,,,,
,,,,,,,,,,
,,,,,,,,,,
,,,,,,,,,,
,,,,,,,,,,
,,,,,,,,,,
,,,,,,,,,,
,,,,,,,,,,
,,,,,,,,,,
,,,,,,,,,,
,,,,,,,,,,
,,,,,,,,,,
,,,,,,,,,,
,,,,,,,,,,
,,,,,,,,,,
,,,,,,,,,,
,,,,,,,,,,
,,,,,,,,,,
,,,,,,,,,,
,,,,,,,,,,
,,,,,,,,,,
,,,,,,,,,,
,,,,,,,,,,
,,,,,,,,,,
,,,,,,,,,,
,,,,,,,,,,
,,,,,,,,,,
,,,,,,,,,,
,,,,,,,,,,
,,,,,,,,,,
,,,,,,,,,,
,,,,,,,,,,
,,,,,,,,,,
,,,,,,,,,,
,,,,,,,,,,
,,,,,,,,,,
,,,,,,,,,,
,,,,,,,,,,
,,,,,,,,,,
,,,,,,,,,,
,,,,,,,,,,
,,,,,,,,,,
,,,,,,,,,,
,,,,,,,,,,
,,,,,,,,,,
,,,,,,,,,,
,,,,,,,,,,
,,,,,,,,,,
,,,,,,,,,,
,,,,,,,,,,
,,,,,,,,,,
,,,,,,,,,,
,,,,,,,,,,
,,,,,,,,,,
,,,,,,,,,,
,,,,,,,,,,
,,,,,,,,,,
,,,,,,,,,,
,,,,,,,,,,
,,,,,,,,,,
,,,,,,,,,,
,,,,,,,,,,
,,,,,,,,,,
,,,,,,,,,,
,,,,,,,,,,
,,,,,,,,,,
,,,,,,,,,,
,,,,,,,,,,
,,,,,,,,,,
,,,,,,,,,,
,,,,,,,,,,
,,,,,,,,,,
,,,,,,,,,,
,,,,,,,,,,
,,,,,,,,,,
,,,,,,,,,,
,,,,,,,,,,
,,,,,,,,,,
,,,,,,,,,,
,,,,,,,,,,
,,,,,,,,,,
,,,,,,,,,,
,,,,,,,,,,
,,,,,,,,,,
,,,,,,,,,,
,,,,,,,,,,
,,,,,,,,,,
,,,,,,,,,,
,,,,,,,,,,
,,,,,,,,,,
,,,,,,,,,,
,,,,,,,,,,
,,,,,,,,,,
,,,,,,,,,,
,,,,,,,,,,
,,,,,,,,,,
,,,,,,,,,,
,,,,,,,,,,
,,,,,,,,,,
,,,,,,,,,,
,,,,,,,,,,
,,,,,,,,,,
,,,,,,,,,,
,,,,,,,,,,
,,,,,,,,,,
,,,,,,,,,,
,,,,,,,,,,
,,,,,,,,,,
,,,,,,,,,,
,,,,,,,,,,
,,,,,,,,,,
,,,,,,,,,,
,,,,,,,,,,
,,,,,,,,,,
,,,,,,,,,,
,,,,,,,,,,
,,,,,,,,,,
,,,,,,,,,,
,,,,,,,,,,
,,,,,,,,,,
,,,,,,,,,,
,,,,,,,,,,
,,,,,,,,,,
,,,,,,,,,,
,,,,,,,,,,
,,,,,,,,,,
,,,,,,,,,,
,,,,,,,,,,
,,,,,,,,,,
,,,,,,,,,,
,,,,,,,,,,
,,,,,,,,,,
,,,,,,,,,,
,,,,,,,,,,
,,,,,,,,,,
,,,,,,,,,,
,,,,,,,,,,
,,,,,,,,,,
,,,,,,,,,,
,,,,,,,,,,
,,,,,,,,,,
,,,,,,,,,,
,,,,,,,,,,
,,,,,,,,,,
,,,,,,,,,,
,,,,,,,,,,
,,,,,,,,,,
,,,,,,,,,,
,,,,,,,,,,
,,,,,,,,,,
,,,,,,,,,,
,,,,,,,,,,
,,,,,,,,,,
,,,,,,,,,,
,,,,,,,,,,
,,,,,,,,,,
,,,,,,,,,,
,,,,,,,,,,
,,,,,,,,,,
,,,,,,,,,,
,,,,,,,,,,
,,,,,,,,,,
,,,,,,,,,,
,,,,,,,,,,
,,,,,,,,,,
,,,,,,,,,,
,,,,,,,,,,
,,,,,,,,,,
,,,,,,,,,,
,,,,,,,,,,
,,,,,,,,,,
,,,,,,,,,,
,,,,,,,,,,
,,,,,,,,,,
,,,,,,,,,,
,,,,,,,,,,
,,,,,,,,,,
,,,,,,,,,,
,,,,,,,,,,
,,,,,,,,,,
,,,,,,,,,,
,,,,,,,,,,
,,,,,,,,,,
,,,,,,,,,,
,,,,,,,,,,
,,,,,,,,,,
,,,,,,,,,,
,,,,,,,,,,
,,,,,,,,,,
,,,,,,,,,,
,,,,,,,,,,
,,,,,,,,,,
,,,,,,,,,,
,,,,,,,,,,
,,,,,,,,,,
,,,,,,,,,,
,,,,,,,,,,
,,,,,,,,,,
,,,,,,,,,,
,,,,,,,,,,
,,,,,,,,,,
,,,,,,,,,,
,,,,,,,,,,
,,,,,,,,,,
,,,,,,,,,,
,,,,,,,,,,
,,,,,,,,,,
,,,,,,,,,,
,,,,,,,,,,
,,,,,,,,,,
,,,,,,,,,,
,,,,,,,,,,
,,,,,,,,,,
,,,,,,,,,,
,,,,,,,,,,
,,,,,,,,,,
,,,,,,,,,,
,,,,,,,,,,
,,,,,,,,,,
,,,,,,,,,,
,,,,,,,,,,
,,,,,,,,,,
,,,,,,,,,,
,,,,,,,,,,
,,,,,,,,,,
,,,,,,,,,,
,,,,,,,,,,
,,,,,,,,,,
,,,,,,,,,,
,,,,,,,,,,
,,,,,,,,,,
,,,,,,,,,,
,,,,,,,,,,
,,,,,,,,,,
,,,,,,,,,,
,,,,,,,,,,
,,,,,,,,,,
,,,,,,,,,,
,,,,,,,,,,
,,,,,,,,,,
,,,,,,,,,,
,,,,,,,,,,
,,,,,,,,,,
,,,,,,,,,,
,,,,,,,,,,
,,,,,,,,,,
,,,,,,,,,,
,,,,,,,,,,
,,,,,,,,,,
,,,,,,,,,,
,,,,,,,,,,
,,,,,,,,,,
,,,,,,,,,,
,,,,,,,,,,
,,,,,,,,,,
,,,,,,,,,,
,,,,,,,,,,
,,,,,,,,,,
,,,,,,,,,,
,,,,,,,,,,
,,,,,,,,,,
,,,,,,,,,,
,,,,,,,,,,
,,,,,,,,,,
,,,,,,,,,,
,,,,,,,,,,
,,,,,,,,,,
,,,,,,,,,,
,,,,,,,,,,
,,,,,,,,,,
,,,,,,,,,,
,,,,,,,,,,
,,,,,,,,,,
,,,,,,,,,,
,,,,,,,,,,
,,,,,,,,,,
,,,,,,,,,,
,,,,,,,,,,
,,,,,,,,,,
,,,,,,,,,,
,,,,,,,,,,
,,,,,,,,,,
,,,,,,,,,,
,,,,,,,,,,
,,,,,,,,,,
,,,,,,,,,,
,,,,,,,,,,
,,,,,,,,,,
,,,,,,,,,,
,,,,,,,,,,
,,,,,,,,,,
,,,,,,,,,,
,,,,,,,,,,
,,,,,,,,,,
,,,,,,,,,,
,,,,,,,,,,
,,,,,,,,,,
,,,,,,,,,,
,,,,,,,,,,
,,,,,,,,,,
,,,,,,,,,,
,,,,,,,,,,
,,,,,,,,,,
,,,,,,,,,,
,,,,,,,,,,
,,,,,,,,,,
,,,,,,,,,,
,,,,,,,,,,
,,,,,,,,,,
,,,,,,,,,,
,,,,,,,,,,
,,,,,,,,,,
,,,,,,,,,,
,,,,,,,,,,
,,,,,,,,,,
,,,,,,,,,,
,,,,,,,,,,
,,,,,,,,,,
,,,,,,,,,,
,,,,,,,,,,
,,,,,,,,,,
,,,,,,,,,,
,,,,,,,,,,
,,,,,,,,,,
,,,,,,,,,,
,,,,,,,,,,
,,,,,,,,,,
,,,,,,,,,,
,,,,,,,,,,
,,,,,,,,,,
,,,,,,,,,,
,,,,,,,,,,
,,,,,,,,,,
,,,,,,,,,,
,,,,,,,,,,
,,,,,,,,,,
,,,,,,,,,,
,,,,,,,,,,
,,,,,,,,,,
,,,,,,,,,,
,,,,,,,,,,
,,,,,,,,,,
,,,,,,,,,,
,,,,,,,,,,
,,,,,,,,,,
,,,,,,,,,,
,,,,,,,,,,
,,,,,,,,,,
,,,,,,,,,,
,,,,,,,,,,
,,,,,,,,,,
,,,,,,,,,,
,,,,,,,,,,
,,,,,,,,,,
,,,,,,,,,,
,,,,,,,,,,
,,,,,,,,,,
,,,,,,,,,,
,,,,,,,,,,
,,,,,,,,,,
,,,,,,,,,,
,,,,,,,,,,
,,,,,,,,,,
,,,,,,,,,,
,,,,,,,,,,
,,,,,,,,,,
,,,,,,,,,,
,,,,,,,,,,
,,,,,,,,,,
,,,,,,,,,,
,,,,,,,,,,
,,,,,,,,,,
,,,,,,,,,,
,,,,,,,,,,
,,,,,,,,,,
,,,,,,,,,,
,,,,,,,,,,
,,,,,,,,,,
,,,,,,,,,,
,,,,,,,,,,
,,,,,,,,,,
,,,,,,,,,,
,,,,,,,,,,
,,,,,,,,,,
,,,,,,,,,,
,,,,,,,,,,
,,,,,,,,,,
,,,,,,,,,,
,,,,,,,,,,
,,,,,,,,,,
,,,,,,,,,,
,,,,,,,,,,
,,,,,,,,,,
,,,,,,,,,,
,,,,,,,,,,
,,,,,,,,,,
,,,,,,,,,,
,,,,,,,,,,
,,,,,,,,,,
,,,,,,,,,,
,,,,,,,,,,
,,,,,,,,,,
,,,,,,,,,,
,,,,,,,,,,
,,,,,,,,,,
,,,,,,,,,,
,,,,,,,,,,
,,,,,,,,,,
,,,,,,,,,,
,,,,,,,,,,
,,,,,,,,,,
,,,,,,,,,,
,,,,,,,,,,
,,,,,,,,,,
,,,,,,,,,,
,,,,,,,,,,
,,,,,,,,,,
,,,,,,,,,,
,,,,,,,,,,
,,,,,,,,,,
,,,,,,,,,,
,,,,,,,,,,
,,,,,,,,,,
,,,,,,,,,,
,,,,,,,,,,
,,,,,,,,,,
,,,,,,,,,,
,,,,,,,,,,
,,,,,,,,,,
,,,,,,,,,,
,,,,,,,,,,
,,,,,,,,,,
,,,,,,,,,,
,,,,,,,,,,
,,,,,,,,,,
,,,,,,,,,,
,,,,,,,,,,
,,,,,,,,,,
,,,,,,,,,,
,,,,,,,,,,
,,,,,,,,,,
,,,,,,,,,,
,,,,,,,,,,
,,,,,,,,,,
,,,,,,,,,,
,,,,,,,,,,
,,,,,,,,,,
,,,,,,,,,,
,,,,,,,,,,
,,,,,,,,,,
,,,,,,,,,,
,,,,,,,,,,
,,,,,,,,,,
,,,,,,,,,,
,,,,,,,,,,
,,,,,,,,,,
,,,,,,,,,,
,,,,,,,,,,
,,,,,,,,,,
,,,,,,,,,,
,,,,,,,,,,
,,,,,,,,,,
,,,,,,,,,,
,,,,,,,,,,
,,,,,,,,,,
,,,,,,,,,,
,,,,,,,,,,
,,,,,,,,,,
,,,,,,,,,,
,,,,,,,,,,
,,,,,,,,,,
,,,,,,,,,,
,,,,,,,,,,
,,,,,,,,,,
,,,,,,,,,,
,,,,,,,,,,
,,,,,,,,,,
,,,,,,,,,,
,,,,,,,,,,
,,,,,,,,,,
,,,,,,,,,,
,,,,,,,,,,
,,,,,,,,,,
,,,,,,,,,,
,,,,,,,,,,
,,,,,,,,,,
,,,,,,,,,,
,,,,,,,,,,
,,,,,,,,,,
,,,,,,,,,,
,,,,,,,,,,
,,,,,,,,,,
,,,,,,,,,,
,,,,,,,,,,
,,,,,,,,,,
,,,,,,,,,,
,,,,,,,,,,
,,,,,,,,,,
,,,,,,,,,,
,,,,,,,,,,
,,,,,,,,,,
,,,,,,,,,,
,,,,,,,,,,
,,,,,,,,,,
,,,,,,,,,,
,,,,,,,,,,
,,,,,,,,,,
,,,,,,,,,,
,,,,,,,,,,
,,,,,,,,,,
,,,,,,,,,,
,,,,,,,,,,
,,,,,,,,,,
,,,,,,,,,,
,,,,,,,,,,
,,,,,,,,,,
,,,,,,,,,,
,,,,,,,,,,
,,,,,,,,,,
,,,,,,,,,,
,,,,,,,,,,
,,,,,,,,,,
,,,,,,,,,,
,,,,,,,,,,
,,,,,,,,,,
,,,,,,,,,,
,,,,,,,,,,
,,,,,,,,,,
,,,,,,,,,,
,,,,,,,,,,
,,,,,,,,,,
,,,,,,,,,,
,,,,,,,,,,
,,,,,,,,,,
,,,,,,,,,,
,,,,,,,,,,
,,,,,,,,,,
,,,,,,,,,,
,,,,,,,,,,
,,,,,,,,,,
,,,,,,,,,,
,,,,,,,,,,
,,,,,,,,,,
,,,,,,,,,,
,,,,,,,,,,
,,,,,,,,,,
,,,,,,,,,,
,,,,,,,,,,
,,,,,,,,,,
,,,,,,,,,,
,,,,,,,,,,
,,,,,,,,,,
,,,,,,,,,,
,,,,,,,,,,
,,,,,,,,,,
,,,,,,,,,,
,,,,,,,,,,
,,,,,,,,,,
,,,,,,,,,,
,,,,,,,,,,
,,,,,,,,,,
,,,,,,,,,,
,,,,,,,,,,
,,,,,,,,,,
,,,,,,,,,,
,,,,,,,,,,
,,,,,,,,,,
,,,,,,,,,,
,,,,,,,,,,
,,,,,,,,,,
,,,,,,,,,,
,,,,,,,,,,
,,,,,,,,,,
,,,,,,,,,,
,,,,,,,,,,
,,,,,,,,,,
,,,,,,,,,,
,,,,,,,,,,
,,,,,,,,,,
,,,,,,,,,,
,,,,,,,,,,
,,,,,,,,,,
,,,,,,,,,,
,,,,,,,,,,
,,,,,,,,,,
,,,,,,,,,,
,,,,,,,,,,
,,,,,,,,,,
,,,,,,,,,,
,,,,,,,,,,
,,,,,,,,,,
,,,,,,,,,,
,,,,,,,,,,
,,,,,,,,,,
,,,,,,,,,,
,,,,,,,,,,
,,,,,,,,,,
,,,,,,,,,,
,,,,,,,,,,
,,,,,,,,,,
,,,,,,,,,,
,,,,,,,,,,
,,,,,,,,,,
,,,,,,,,,,
,,,,,,,,,,
,,,,,,,,,,
,,,,,,,,,,
,,,,,,,,,,
,,,,,,,,,,
,,,,,,,,,,
,,,,,,,,,,
,,,,,,,,,,
,,,,,,,,,,
,,,,,,,,,,
,,,,,,,,,,
,,,,,,,,,,
,,,,,,,,,,
,,,,,,,,,,
,,,,,,,,,,
,,,,,,,,,,
,,,,,,,,,,
,,,,,,,,,,
,,,,,,,,,,
,,,,,,,,,,
,,,,,,,,,,
,,,,,,,,,,
,,,,,,,,,,
,,,,,,,,,,
,,,,,,,,,,
,,,,,,,,,,
,,,,,,,,,,
,,,,,,,,,,
,,,,,,,,,,
,,,,,,,,,,
,,,,,,,,,,
,,,,,,,,,,
,,,,,,,,,,
,,,,,,,,,,
,,,,,,,,,,
,,,,,,,,,,
,,,,,,,,,,
,,,,,,,,,,
,,,,,,,,,,
,,,,,,,,,,
,,,,,,,,,,
,,,,,,,,,,
,,,,,,,,,,
,,,,,,,,,,
,,,,,,,,,,
,,,,,,,,,,
,,,,,,,,,,
,,,,,,,,,,
,,,,,,,,,,
,,,,,,,,,,
,,,,,,,,,,
,,,,,,,,,,
,,,,,,,,,,
,,,,,,,,,,